-- phpMyAdmin SQL Dump
-- version 5.2.1
-- https://www.phpmyadmin.net/
--
-- Máy chủ: 127.0.0.1
-- Thời gian đã tạo: Th5 19, 2026 lúc 04:04 AM
-- Phiên bản máy phục vụ: 10.4.32-MariaDB
-- Phiên bản PHP: 8.2.12

SET SQL_MODE = "NO_AUTO_VALUE_ON_ZERO";
START TRANSACTION;
SET time_zone = "+00:00";


/*!40101 SET @OLD_CHARACTER_SET_CLIENT=@@CHARACTER_SET_CLIENT */;
/*!40101 SET @OLD_CHARACTER_SET_RESULTS=@@CHARACTER_SET_RESULTS */;
/*!40101 SET @OLD_COLLATION_CONNECTION=@@COLLATION_CONNECTION */;
/*!40101 SET NAMES utf8mb4 */;

--
-- Cơ sở dữ liệu: `sakila_crm`
--
CREATE DATABASE IF NOT EXISTS `sakila_crm` DEFAULT CHARACTER SET utf8mb4 COLLATE utf8mb4_unicode_ci;
USE `sakila_crm`;

-- --------------------------------------------------------

--
-- Cấu trúc bảng cho bảng `address`
--

DROP TABLE IF EXISTS `address`;
CREATE TABLE IF NOT EXISTS `address` (
  `address_id` smallint(6) NOT NULL AUTO_INCREMENT,
  `address` varchar(50) NOT NULL,
  `address2` varchar(50) DEFAULT NULL,
  `district` varchar(20) NOT NULL,
  `city_id` smallint(6) NOT NULL,
  `postal_code` varchar(10) DEFAULT NULL,
  `phone` varchar(20) NOT NULL,
  `last_update` timestamp NOT NULL DEFAULT current_timestamp() ON UPDATE current_timestamp(),
  PRIMARY KEY (`address_id`),
  KEY `idx_city_id` (`city_id`)
) ENGINE=InnoDB AUTO_INCREMENT=606 DEFAULT CHARSET=utf8mb4 COLLATE=utf8mb4_unicode_ci;

--
-- Đang đổ dữ liệu cho bảng `address`
--

INSERT INTO `address` (`address_id`, `address`, `address2`, `district`, `city_id`, `postal_code`, `phone`, `last_update`) VALUES
(1, '47 MySakila Drive', NULL, ' ', 300, NULL, ' ', '2006-02-14 21:45:30'),
(2, '28 MySQL Boulevard', NULL, ' ', 576, NULL, ' ', '2006-02-14 21:45:30'),
(3, '23 Workhaven Lane', NULL, ' ', 300, NULL, ' ', '2006-02-14 21:45:30'),
(4, '1411 Lillydale Drive', NULL, ' ', 576, NULL, ' ', '2006-02-14 21:45:30'),
(5, '1913 Hanoi Way', NULL, ' ', 463, '35200', ' ', '2006-02-14 21:45:30'),
(6, '1121 Loja Avenue', NULL, ' ', 449, '17886', ' ', '2006-02-14 21:45:30'),
(7, '692 Joliet Street', NULL, ' ', 38, '83579', ' ', '2006-02-14 21:45:30'),
(8, '1566 Inegl Manor', NULL, ' ', 349, '53561', ' ', '2006-02-14 21:45:30'),
(9, '53 Idfu Parkway', NULL, ' ', 361, '42399', ' ', '2006-02-14 21:45:30'),
(10, '1795 Santiago de Compostela Way', NULL, ' ', 295, '18743', ' ', '2006-02-14 21:45:30'),
(11, '900 Santiago de Compostela Parkway', NULL, ' ', 280, '93896', ' ', '2006-02-14 21:45:30'),
(12, '478 Joliet Way', NULL, ' ', 200, '77948', ' ', '2006-02-14 21:45:30'),
(13, '613 Korolev Drive', NULL, ' ', 329, '45844', ' ', '2006-02-14 21:45:30'),
(14, '1531 Sal Drive', NULL, ' ', 162, '53628', ' ', '2006-02-14 21:45:30'),
(15, '1542 Tarlac Parkway', NULL, ' ', 440, '1027', ' ', '2006-02-14 21:45:30'),
(16, '808 Bhopal Manor', NULL, ' ', 582, '10672', ' ', '2006-02-14 21:45:30'),
(17, '270 Amroha Parkway', NULL, ' ', 384, '29610', ' ', '2006-02-14 21:45:30'),
(18, '770 Bydgoszcz Avenue', NULL, ' ', 120, '16266', ' ', '2006-02-14 21:45:30'),
(19, '419 Iligan Lane', NULL, ' ', 76, '72878', ' ', '2006-02-14 21:45:30'),
(20, '360 Toulouse Parkway', NULL, ' ', 495, '54308', ' ', '2006-02-14 21:45:30'),
(21, '270 Toulon Boulevard', NULL, ' ', 156, '81766', ' ', '2006-02-14 21:45:30'),
(22, '320 Brest Avenue', NULL, ' ', 252, '43331', ' ', '2006-02-14 21:45:30'),
(23, '1417 Lancaster Avenue', NULL, ' ', 267, '72192', ' ', '2006-02-14 21:45:30'),
(24, '1688 Okara Way', NULL, ' ', 327, '21954', ' ', '2006-02-14 21:45:30'),
(25, '262 A Corua (La Corua) Parkway', NULL, ' ', 525, '34418', ' ', '2006-02-14 21:45:30'),
(26, '28 Charlotte Amalie Street', NULL, ' ', 443, '37551', ' ', '2006-02-14 21:45:30'),
(27, '1780 Hino Boulevard', NULL, ' ', 303, '7716', ' ', '2006-02-14 21:45:30'),
(28, '96 Tafuna Way', NULL, ' ', 128, '99865', ' ', '2006-02-14 21:45:30'),
(29, '934 San Felipe de Puerto Plata Street', NULL, ' ', 472, '99780', ' ', '2006-02-14 21:45:30'),
(30, '18 Duisburg Boulevard', NULL, ' ', 121, '58327', ' ', '2006-02-14 21:45:30'),
(31, '217 Botshabelo Place', NULL, ' ', 138, '49521', ' ', '2006-02-14 21:45:30'),
(32, '1425 Shikarpur Manor', NULL, ' ', 346, '65599', ' ', '2006-02-14 21:45:30'),
(33, '786 Aurora Avenue', NULL, ' ', 474, '65750', ' ', '2006-02-14 21:45:30'),
(34, '1668 Anpolis Street', NULL, ' ', 316, '50199', ' ', '2006-02-14 21:45:30'),
(35, '33 Gorontalo Way', NULL, ' ', 257, '30348', ' ', '2006-02-14 21:45:30'),
(36, '176 Mandaluyong Place', NULL, ' ', 239, '65213', ' ', '2006-02-14 21:45:30'),
(37, '127 Purnea (Purnia) Manor', NULL, ' ', 17, '79388', ' ', '2006-02-14 21:45:30'),
(38, '61 Tama Street', NULL, ' ', 284, '94065', ' ', '2006-02-14 21:45:30'),
(39, '391 Callao Drive', NULL, ' ', 544, '34021', ' ', '2006-02-14 21:45:30'),
(40, '334 Munger (Monghyr) Lane', NULL, ' ', 31, '38145', ' ', '2006-02-14 21:45:30'),
(41, '1440 Fukuyama Loop', NULL, ' ', 362, '47929', ' ', '2006-02-14 21:45:30'),
(42, '269 Cam Ranh Parkway', NULL, ' ', 115, '34689', ' ', '2006-02-14 21:45:30'),
(43, '306 Antofagasta Place', NULL, ' ', 569, '3989', ' ', '2006-02-14 21:45:30'),
(44, '671 Graz Street', NULL, ' ', 353, '94399', ' ', '2006-02-14 21:45:30'),
(45, '42 Brindisi Place', NULL, ' ', 586, '16744', ' ', '2006-02-14 21:45:30'),
(46, '1632 Bislig Avenue', NULL, ' ', 394, '61117', ' ', '2006-02-14 21:45:30'),
(47, '1447 Imus Way', NULL, ' ', 167, '48942', ' ', '2006-02-14 21:45:30'),
(48, '1998 Halifax Drive', NULL, ' ', 308, '76022', ' ', '2006-02-14 21:45:30'),
(49, '1718 Valencia Street', NULL, ' ', 27, '37359', ' ', '2006-02-14 21:45:30'),
(50, '46 Pjatigorsk Lane', NULL, ' ', 343, '23616', ' ', '2006-02-14 21:45:30'),
(51, '686 Garland Manor', NULL, ' ', 247, '52535', ' ', '2006-02-14 21:45:30'),
(52, '909 Garland Manor', NULL, ' ', 367, '69367', ' ', '2006-02-14 21:45:30'),
(53, '725 Isesaki Place', NULL, ' ', 237, '74428', ' ', '2006-02-14 21:45:30'),
(54, '115 Hidalgo Parkway', NULL, ' ', 379, '80168', ' ', '2006-02-14 21:45:30'),
(55, '1135 Izumisano Parkway', NULL, ' ', 171, '48150', ' ', '2006-02-14 21:45:30'),
(56, '939 Probolinggo Loop', NULL, ' ', 1, '4166', ' ', '2006-02-14 21:45:30'),
(57, '17 Kabul Boulevard', NULL, ' ', 355, '38594', ' ', '2006-02-14 21:45:30'),
(58, '1964 Allappuzha (Alleppey) Street', NULL, ' ', 227, '48980', ' ', '2006-02-14 21:45:30'),
(59, '1697 Kowloon and New Kowloon Loop', NULL, ' ', 49, '57807', ' ', '2006-02-14 21:45:30'),
(60, '1668 Saint Louis Place', NULL, ' ', 397, '39072', ' ', '2006-02-14 21:45:30'),
(61, '943 Tokat Street', NULL, ' ', 560, '45428', ' ', '2006-02-14 21:45:30'),
(62, '1114 Liepaja Street', NULL, ' ', 282, '69226', ' ', '2006-02-14 21:45:30'),
(63, '1213 Ranchi Parkway', NULL, ' ', 350, '94352', ' ', '2006-02-14 21:45:30'),
(64, '81 Hodeida Way', NULL, ' ', 231, '55561', ' ', '2006-02-14 21:45:30'),
(65, '915 Ponce Place', NULL, ' ', 56, '83980', ' ', '2006-02-14 21:45:30'),
(66, '1717 Guadalajara Lane', NULL, ' ', 441, '85505', ' ', '2006-02-14 21:45:30'),
(67, '1214 Hanoi Way', NULL, ' ', 306, '67055', ' ', '2006-02-14 21:45:30'),
(68, '1966 Amroha Avenue', NULL, ' ', 139, '70385', ' ', '2006-02-14 21:45:30'),
(69, '698 Otsu Street', NULL, ' ', 105, '71110', ' ', '2006-02-14 21:45:30'),
(70, '1150 Kimchon Manor', NULL, ' ', 321, '96109', ' ', '2006-02-14 21:45:30'),
(71, '1586 Guaruj Place', NULL, ' ', 579, '5135', ' ', '2006-02-14 21:45:30'),
(72, '57 Arlington Manor', NULL, ' ', 475, '48960', ' ', '2006-02-14 21:45:30'),
(73, '1031 Daugavpils Parkway', NULL, ' ', 63, '59025', ' ', '2006-02-14 21:45:30'),
(74, '1124 Buenaventura Drive', NULL, ' ', 13, '6856', ' ', '2006-02-14 21:45:30'),
(75, '492 Cam Ranh Street', NULL, ' ', 61, '50805', ' ', '2006-02-14 21:45:30'),
(76, '89 Allappuzha (Alleppey) Manor', NULL, ' ', 517, '75444', ' ', '2006-02-14 21:45:30'),
(77, '1947 Poos de Caldas Boulevard', NULL, ' ', 114, '60951', ' ', '2006-02-14 21:45:30'),
(78, '1206 Dos Quebradas Place', NULL, ' ', 431, '20207', ' ', '2006-02-14 21:45:30'),
(79, '1551 Rampur Lane', NULL, ' ', 108, '72394', ' ', '2006-02-14 21:45:30'),
(80, '602 Paarl Street', NULL, ' ', 402, '98889', ' ', '2006-02-14 21:45:30'),
(81, '1692 Ede Loop', NULL, ' ', 30, '9223', ' ', '2006-02-14 21:45:30'),
(82, '936 Salzburg Lane', NULL, ' ', 425, '96709', ' ', '2006-02-14 21:45:30'),
(83, '586 Tete Way', NULL, ' ', 256, '1079', ' ', '2006-02-14 21:45:30'),
(84, '1888 Kabul Drive', NULL, ' ', 217, '20936', ' ', '2006-02-14 21:45:30'),
(85, '320 Baiyin Parkway', NULL, ' ', 319, '37307', ' ', '2006-02-14 21:45:30'),
(86, '927 Baha Blanca Parkway', NULL, ' ', 479, '9495', ' ', '2006-02-14 21:45:30'),
(87, '929 Tallahassee Loop', NULL, ' ', 497, '74671', ' ', '2006-02-14 21:45:30'),
(88, '125 Citt del Vaticano Boulevard', NULL, ' ', 40, '67912', ' ', '2006-02-14 21:45:30'),
(89, '1557 Ktahya Boulevard', NULL, ' ', 88, '88002', ' ', '2006-02-14 21:45:30'),
(90, '870 Ashqelon Loop', NULL, ' ', 489, '84931', ' ', '2006-02-14 21:45:30'),
(91, '1740 Portoviejo Avenue', NULL, ' ', 480, '29932', ' ', '2006-02-14 21:45:30'),
(92, '1942 Ciparay Parkway', NULL, ' ', 113, '82624', ' ', '2006-02-14 21:45:30'),
(93, '1926 El Alto Avenue', NULL, ' ', 289, '75543', ' ', '2006-02-14 21:45:30'),
(94, '1952 Chatsworth Drive', NULL, ' ', 332, '25958', ' ', '2006-02-14 21:45:30'),
(95, '1370 Le Mans Avenue', NULL, ' ', 53, '52163', ' ', '2006-02-14 21:45:30'),
(96, '984 Effon-Alaiye Avenue', NULL, ' ', 183, '17119', ' ', '2006-02-14 21:45:30'),
(97, '832 Nakhon Sawan Manor', NULL, ' ', 592, '49021', ' ', '2006-02-14 21:45:30'),
(98, '152 Kitwe Parkway', NULL, ' ', 82, '53182', ' ', '2006-02-14 21:45:30'),
(99, '1697 Tanauan Lane', NULL, ' ', 399, '22870', ' ', '2006-02-14 21:45:30'),
(100, '1308 Arecibo Way', NULL, ' ', 41, '30695', ' ', '2006-02-14 21:45:30'),
(101, '1599 Plock Drive', NULL, ' ', 534, '71986', ' ', '2006-02-14 21:45:30'),
(102, '669 Firozabad Loop', NULL, ' ', 12, '92265', ' ', '2006-02-14 21:45:30'),
(103, '588 Vila Velha Manor', NULL, ' ', 268, '51540', ' ', '2006-02-14 21:45:30'),
(104, '1913 Kamakura Place', NULL, ' ', 238, '97287', ' ', '2006-02-14 21:45:30'),
(105, '733 Mandaluyong Place', NULL, ' ', 2, '77459', ' ', '2006-02-14 21:45:30'),
(106, '659 Vaduz Drive', NULL, ' ', 34, '49708', ' ', '2006-02-14 21:45:30'),
(107, '1177 Jelets Way', NULL, ' ', 220, '3305', ' ', '2006-02-14 21:45:30'),
(108, '1386 Yangor Avenue', NULL, ' ', 543, '80720', ' ', '2006-02-14 21:45:30'),
(109, '454 Nakhon Sawan Boulevard', NULL, ' ', 173, '76383', ' ', '2006-02-14 21:45:30'),
(110, '1867 San Juan Bautista Tuxtepec Avenue', NULL, ' ', 225, '78311', ' ', '2006-02-14 21:45:30'),
(111, '1532 Dzerzinsk Way', NULL, ' ', 334, '9599', ' ', '2006-02-14 21:45:30'),
(112, '1002 Ahmadnagar Manor', NULL, ' ', 213, '93026', ' ', '2006-02-14 21:45:30'),
(113, '682 Junan Way', NULL, ' ', 273, '30418', ' ', '2006-02-14 21:45:30'),
(114, '804 Elista Drive', NULL, ' ', 159, '61069', ' ', '2006-02-14 21:45:30'),
(115, '1378 Alvorada Avenue', NULL, ' ', 102, '75834', ' ', '2006-02-14 21:45:30'),
(116, '793 Cam Ranh Avenue', NULL, ' ', 292, '87057', ' ', '2006-02-14 21:45:30'),
(117, '1079 Tel Aviv-Jaffa Boulevard', NULL, ' ', 132, '10885', ' ', '2006-02-14 21:45:30'),
(118, '442 Rae Bareli Place', NULL, ' ', 148, '24321', ' ', '2006-02-14 21:45:30'),
(119, '1107 Nakhon Sawan Avenue', NULL, ' ', 365, '75149', ' ', '2006-02-14 21:45:30'),
(120, '544 Malm Parkway', NULL, ' ', 403, '63502', ' ', '2006-02-14 21:45:30'),
(121, '1967 Sincelejo Place', NULL, ' ', 176, '73644', ' ', '2006-02-14 21:45:30'),
(122, '333 Goinia Way', NULL, ' ', 185, '78625', ' ', '2006-02-14 21:45:30'),
(123, '1987 Coacalco de Berriozbal Loop', NULL, ' ', 476, '96065', ' ', '2006-02-14 21:45:30'),
(124, '241 Mosul Lane', NULL, ' ', 147, '76157', ' ', '2006-02-14 21:45:30'),
(125, '211 Chiayi Drive', NULL, ' ', 164, '58186', ' ', '2006-02-14 21:45:30'),
(126, '1175 Tanauan Way', NULL, ' ', 305, '64615', ' ', '2006-02-14 21:45:30'),
(127, '117 Boa Vista Way', NULL, ' ', 566, '6804', ' ', '2006-02-14 21:45:30'),
(128, '848 Tafuna Manor', NULL, ' ', 281, '45142', ' ', '2006-02-14 21:45:30'),
(129, '569 Baicheng Lane', NULL, ' ', 85, '60304', ' ', '2006-02-14 21:45:30'),
(130, '1666 Qomsheh Drive', NULL, ' ', 410, '66255', ' ', '2006-02-14 21:45:30'),
(131, '801 Hagonoy Drive', NULL, ' ', 484, '8439', ' ', '2006-02-14 21:45:30'),
(132, '1050 Garden Grove Avenue', NULL, ' ', 236, '4999', ' ', '2006-02-14 21:45:30'),
(133, '1854 Tieli Street', NULL, ' ', 302, '15819', ' ', '2006-02-14 21:45:30'),
(134, '758 Junan Lane', NULL, ' ', 190, '82639', ' ', '2006-02-14 21:45:30'),
(135, '1752 So Leopoldo Parkway', NULL, ' ', 345, '14014', ' ', '2006-02-14 21:45:30'),
(136, '898 Belm Manor', NULL, ' ', 87, '49757', ' ', '2006-02-14 21:45:30'),
(137, '261 Saint Louis Way', NULL, ' ', 541, '83401', ' ', '2006-02-14 21:45:30'),
(138, '765 Southampton Drive', NULL, ' ', 421, '4285', ' ', '2006-02-14 21:45:30'),
(139, '943 Johannesburg Avenue', NULL, ' ', 417, '5892', ' ', '2006-02-14 21:45:30'),
(140, '788 Atinsk Street', NULL, ' ', 211, '81691', ' ', '2006-02-14 21:45:30'),
(141, '1749 Daxian Place', NULL, ' ', 29, '11044', ' ', '2006-02-14 21:45:30'),
(142, '1587 Sullana Lane', NULL, ' ', 207, '85769', ' ', '2006-02-14 21:45:30'),
(143, '1029 Dzerzinsk Manor', NULL, ' ', 542, '57519', ' ', '2006-02-14 21:45:30'),
(144, '1666 Beni-Mellal Place', NULL, ' ', 123, '13377', ' ', '2006-02-14 21:45:30'),
(145, '928 Jaffna Loop', NULL, ' ', 172, '93762', ' ', '2006-02-14 21:45:30'),
(146, '483 Ljubertsy Parkway', NULL, ' ', 149, '60562', ' ', '2006-02-14 21:45:30'),
(147, '374 Bat Yam Boulevard', NULL, ' ', 266, '97700', ' ', '2006-02-14 21:45:30'),
(148, '1027 Songkhla Manor', NULL, ' ', 340, '30861', ' ', '2006-02-14 21:45:30'),
(149, '999 Sanaa Loop', NULL, ' ', 491, '3439', ' ', '2006-02-14 21:45:30'),
(150, '879 Newcastle Way', NULL, ' ', 499, '90732', ' ', '2006-02-14 21:45:30'),
(151, '1337 Lincoln Parkway', NULL, ' ', 555, '99457', ' ', '2006-02-14 21:45:30'),
(152, '1952 Pune Lane', NULL, ' ', 442, '92150', ' ', '2006-02-14 21:45:30'),
(153, '782 Mosul Street', NULL, ' ', 94, '25545', ' ', '2006-02-14 21:45:30'),
(154, '781 Shimonoseki Drive', NULL, ' ', 202, '95444', ' ', '2006-02-14 21:45:30'),
(155, '1560 Jelets Boulevard', NULL, ' ', 291, '77777', ' ', '2006-02-14 21:45:30'),
(156, '1963 Moscow Place', NULL, ' ', 354, '64863', ' ', '2006-02-14 21:45:30'),
(157, '456 Escobar Way', NULL, ' ', 232, '36061', ' ', '2006-02-14 21:45:30'),
(158, '798 Cianjur Avenue', NULL, ' ', 590, '76990', ' ', '2006-02-14 21:45:30'),
(159, '185 Novi Sad Place', NULL, ' ', 72, '41778', ' ', '2006-02-14 21:45:30'),
(160, '1367 Yantai Manor', NULL, ' ', 381, '21294', ' ', '2006-02-14 21:45:30'),
(161, '1386 Nakhon Sawan Boulevard', NULL, ' ', 420, '53502', ' ', '2006-02-14 21:45:30'),
(162, '369 Papeete Way', NULL, ' ', 187, '66639', ' ', '2006-02-14 21:45:30'),
(163, '1440 Compton Place', NULL, ' ', 307, '81037', ' ', '2006-02-14 21:45:30'),
(164, '1623 Baha Blanca Manor', NULL, ' ', 310, '81511', ' ', '2006-02-14 21:45:30'),
(165, '97 Shimoga Avenue', NULL, ' ', 533, '44660', ' ', '2006-02-14 21:45:30'),
(166, '1740 Le Mans Loop', NULL, ' ', 297, '22853', ' ', '2006-02-14 21:45:30'),
(167, '1287 Xiangfan Boulevard', NULL, ' ', 253, '57844', ' ', '2006-02-14 21:45:30'),
(168, '842 Salzburg Lane', NULL, ' ', 529, '3313', ' ', '2006-02-14 21:45:30'),
(169, '154 Tallahassee Loop', NULL, ' ', 199, '62250', ' ', '2006-02-14 21:45:30'),
(170, '710 San Felipe del Progreso Avenue', NULL, ' ', 304, '76901', ' ', '2006-02-14 21:45:30'),
(171, '1540 Wroclaw Drive', NULL, ' ', 107, '62686', ' ', '2006-02-14 21:45:30'),
(172, '475 Atinsk Way', NULL, ' ', 240, '59571', ' ', '2006-02-14 21:45:30'),
(173, '1294 Firozabad Drive', NULL, ' ', 407, '70618', ' ', '2006-02-14 21:45:30'),
(174, '1877 Ezhou Lane', NULL, ' ', 550, '63337', ' ', '2006-02-14 21:45:30'),
(175, '316 Uruapan Street', NULL, ' ', 223, '58194', ' ', '2006-02-14 21:45:30'),
(176, '29 Pyongyang Loop', NULL, ' ', 58, '47753', ' ', '2006-02-14 21:45:30'),
(177, '1010 Klerksdorp Way', NULL, ' ', 186, '6802', ' ', '2006-02-14 21:45:30'),
(178, '1848 Salala Boulevard', NULL, ' ', 373, '25220', ' ', '2006-02-14 21:45:30'),
(179, '431 Xiangtan Avenue', NULL, ' ', 18, '4854', ' ', '2006-02-14 21:45:30'),
(180, '757 Rustenburg Avenue', NULL, ' ', 483, '89668', ' ', '2006-02-14 21:45:30'),
(181, '146 Johannesburg Way', NULL, ' ', 330, '54132', ' ', '2006-02-14 21:45:30'),
(182, '1891 Rizhao Boulevard', NULL, ' ', 456, '47288', ' ', '2006-02-14 21:45:30'),
(183, '1089 Iwatsuki Avenue', NULL, ' ', 270, '35109', ' ', '2006-02-14 21:45:30'),
(184, '1410 Benin City Parkway', NULL, ' ', 405, '29747', ' ', '2006-02-14 21:45:30'),
(185, '682 Garden Grove Place', NULL, ' ', 333, '67497', ' ', '2006-02-14 21:45:30'),
(186, '533 al-Ayn Boulevard', NULL, ' ', 126, '8862', ' ', '2006-02-14 21:45:30'),
(187, '1839 Szkesfehrvr Parkway', NULL, ' ', 317, '55709', ' ', '2006-02-14 21:45:30'),
(188, '741 Ambattur Manor', NULL, ' ', 438, '43310', ' ', '2006-02-14 21:45:30'),
(189, '927 Barcelona Street', NULL, ' ', 467, '65121', ' ', '2006-02-14 21:45:30'),
(190, '435 0 Way', NULL, ' ', 195, '74750', ' ', '2006-02-14 21:45:30'),
(191, '140 Chiayi Parkway', NULL, ' ', 506, '38982', ' ', '2006-02-14 21:45:30'),
(192, '1166 Changhwa Street', NULL, ' ', 62, '58852', ' ', '2006-02-14 21:45:30'),
(193, '891 Novi Sad Manor', NULL, ' ', 383, '5379', ' ', '2006-02-14 21:45:30'),
(194, '605 Rio Claro Parkway', NULL, ' ', 513, '49348', ' ', '2006-02-14 21:45:30'),
(195, '1077 San Felipe de Puerto Plata Place', NULL, ' ', 369, '65387', ' ', '2006-02-14 21:45:30'),
(196, '9 San Miguel de Tucumn Manor', NULL, ' ', 169, '90845', ' ', '2006-02-14 21:45:30'),
(197, '447 Surakarta Loop', NULL, ' ', 271, '10428', ' ', '2006-02-14 21:45:30'),
(198, '345 Oshawa Boulevard', NULL, ' ', 204, '32114', ' ', '2006-02-14 21:45:30'),
(199, '1792 Valle de la Pascua Place', NULL, ' ', 477, '15540', ' ', '2006-02-14 21:45:30'),
(200, '1074 Binzhou Manor', NULL, ' ', 325, '36490', ' ', '2006-02-14 21:45:30'),
(201, '817 Bradford Loop', NULL, ' ', 109, '89459', ' ', '2006-02-14 21:45:30'),
(202, '955 Bamenda Way', NULL, ' ', 218, '1545', ' ', '2006-02-14 21:45:30'),
(203, '1149 A Corua (La Corua) Boulevard', NULL, ' ', 194, '95824', ' ', '2006-02-14 21:45:30'),
(204, '387 Mwene-Ditu Drive', NULL, ' ', 35, '8073', ' ', '2006-02-14 21:45:30'),
(205, '68 Molodetno Manor', NULL, ' ', 575, '4662', ' ', '2006-02-14 21:45:30'),
(206, '642 Nador Drive', NULL, ' ', 77, '3924', ' ', '2006-02-14 21:45:30'),
(207, '1688 Nador Lane', NULL, ' ', 184, '61613', ' ', '2006-02-14 21:45:30'),
(208, '1215 Pyongyang Parkway', NULL, ' ', 557, '25238', ' ', '2006-02-14 21:45:30'),
(209, '1679 Antofagasta Street', NULL, ' ', 122, '86599', ' ', '2006-02-14 21:45:30'),
(210, '1304 s-Hertogenbosch Way', NULL, ' ', 83, '10925', ' ', '2006-02-14 21:45:30'),
(211, '850 Salala Loop', NULL, ' ', 371, '10800', ' ', '2006-02-14 21:45:30'),
(212, '624 Oshawa Boulevard', NULL, ' ', 51, '89959', ' ', '2006-02-14 21:45:30'),
(213, '43 Dadu Avenue', NULL, ' ', 74, '4855', ' ', '2006-02-14 21:45:30'),
(214, '751 Lima Loop', NULL, ' ', 7, '99405', ' ', '2006-02-14 21:45:30'),
(215, '1333 Haldia Street', NULL, ' ', 174, '82161', ' ', '2006-02-14 21:45:30'),
(216, '660 Jedda Boulevard', NULL, ' ', 65, '25053', ' ', '2006-02-14 21:45:30'),
(217, '1001 Miyakonojo Lane', NULL, ' ', 518, '67924', ' ', '2006-02-14 21:45:30'),
(218, '226 Brest Manor', NULL, ' ', 508, '2299', ' ', '2006-02-14 21:45:30'),
(219, '1229 Valencia Parkway', NULL, ' ', 498, '99124', ' ', '2006-02-14 21:45:30'),
(220, '1201 Qomsheh Manor', NULL, ' ', 28, '21464', ' ', '2006-02-14 21:45:30'),
(221, '866 Shivapuri Manor', NULL, ' ', 448, '22474', ' ', '2006-02-14 21:45:30'),
(222, '1168 Najafabad Parkway', NULL, ' ', 251, '40301', ' ', '2006-02-14 21:45:30'),
(223, '1244 Allappuzha (Alleppey) Place', NULL, ' ', 567, '20657', ' ', '2006-02-14 21:45:30'),
(224, '1842 Luzinia Boulevard', NULL, ' ', 593, '94420', ' ', '2006-02-14 21:45:30'),
(225, '1926 Gingoog Street', NULL, ' ', 511, '22824', ' ', '2006-02-14 21:45:30'),
(226, '810 Palghat (Palakkad) Boulevard', NULL, ' ', 235, '73431', ' ', '2006-02-14 21:45:30'),
(227, '1820 Maring Parkway', NULL, ' ', 324, '88307', ' ', '2006-02-14 21:45:30'),
(228, '60 Poos de Caldas Street', NULL, ' ', 243, '82338', ' ', '2006-02-14 21:45:30'),
(229, '1014 Loja Manor', NULL, ' ', 22, '66851', ' ', '2006-02-14 21:45:30'),
(230, '201 Effon-Alaiye Way', NULL, ' ', 37, '64344', ' ', '2006-02-14 21:45:30'),
(231, '430 Alessandria Loop', NULL, ' ', 439, '47446', ' ', '2006-02-14 21:45:30'),
(232, '754 Valencia Place', NULL, ' ', 406, '87911', ' ', '2006-02-14 21:45:30'),
(233, '356 Olomouc Manor', NULL, ' ', 26, '93323', ' ', '2006-02-14 21:45:30'),
(234, '1256 Bislig Boulevard', NULL, ' ', 86, '50598', ' ', '2006-02-14 21:45:30'),
(235, '954 Kimchon Place', NULL, ' ', 559, '42420', ' ', '2006-02-14 21:45:30'),
(236, '885 Yingkou Manor', NULL, ' ', 596, '31390', ' ', '2006-02-14 21:45:30'),
(237, '1736 Cavite Place', NULL, ' ', 216, '98775', ' ', '2006-02-14 21:45:30'),
(238, '346 Skikda Parkway', NULL, ' ', 233, '90628', ' ', '2006-02-14 21:45:30'),
(239, '98 Stara Zagora Boulevard', NULL, ' ', 96, '76448', ' ', '2006-02-14 21:45:30'),
(240, '1479 Rustenburg Boulevard', NULL, ' ', 527, '18727', ' ', '2006-02-14 21:45:30'),
(241, '647 A Corua (La Corua) Street', NULL, ' ', 357, '36971', ' ', '2006-02-14 21:45:30'),
(242, '1964 Gijn Manor', NULL, ' ', 473, '14408', ' ', '2006-02-14 21:45:30'),
(243, '47 Syktyvkar Lane', NULL, ' ', 118, '22236', ' ', '2006-02-14 21:45:30'),
(244, '1148 Saarbrcken Parkway', NULL, ' ', 226, '1921', ' ', '2006-02-14 21:45:30'),
(245, '1103 Bilbays Parkway', NULL, ' ', 578, '87660', ' ', '2006-02-14 21:45:30'),
(246, '1246 Boksburg Parkway', NULL, ' ', 422, '28349', ' ', '2006-02-14 21:45:30'),
(247, '1483 Pathankot Street', NULL, ' ', 454, '37288', ' ', '2006-02-14 21:45:30'),
(248, '582 Papeete Loop', NULL, ' ', 294, '27722', ' ', '2006-02-14 21:45:30'),
(249, '300 Junan Street', NULL, ' ', 553, '81314', ' ', '2006-02-14 21:45:30'),
(250, '829 Grand Prairie Way', NULL, ' ', 328, '6461', ' ', '2006-02-14 21:45:30'),
(251, '1473 Changhwa Parkway', NULL, ' ', 124, '75933', ' ', '2006-02-14 21:45:30'),
(252, '1309 Weifang Street', NULL, ' ', 520, '57338', ' ', '2006-02-14 21:45:30'),
(253, '1760 Oshawa Manor', NULL, ' ', 535, '38140', ' ', '2006-02-14 21:45:30'),
(254, '786 Stara Zagora Way', NULL, ' ', 390, '98332', ' ', '2006-02-14 21:45:30'),
(255, '1966 Tonghae Street', NULL, ' ', 198, '36481', ' ', '2006-02-14 21:45:30'),
(256, '1497 Yuzhou Drive', NULL, ' ', 312, '3433', ' ', '2006-02-14 21:45:30'),
(258, '752 Ondo Loop', NULL, ' ', 338, '32474', ' ', '2006-02-14 21:45:30'),
(259, '1338 Zalantun Lane', NULL, ' ', 413, '45403', ' ', '2006-02-14 21:45:30'),
(260, '127 Iwakuni Boulevard', NULL, ' ', 192, '20777', ' ', '2006-02-14 21:45:30'),
(261, '51 Laredo Avenue', NULL, ' ', 342, '68146', ' ', '2006-02-14 21:45:30'),
(262, '771 Yaound Manor', NULL, ' ', 64, '86768', ' ', '2006-02-14 21:45:30'),
(263, '532 Toulon Street', NULL, ' ', 460, '69517', ' ', '2006-02-14 21:45:30'),
(264, '1027 Banjul Place', NULL, ' ', 197, '50390', ' ', '2006-02-14 21:45:30'),
(265, '1158 Mandi Bahauddin Parkway', NULL, ' ', 136, '98484', ' ', '2006-02-14 21:45:30'),
(266, '862 Xintai Lane', NULL, ' ', 548, '30065', ' ', '2006-02-14 21:45:30'),
(267, '816 Cayenne Parkway', NULL, ' ', 414, '93629', ' ', '2006-02-14 21:45:30'),
(268, '1831 Nam Dinh Loop', NULL, ' ', 323, '51990', ' ', '2006-02-14 21:45:30'),
(269, '446 Kirovo-Tepetsk Lane', NULL, ' ', 203, '19428', ' ', '2006-02-14 21:45:30'),
(270, '682 Halisahar Place', NULL, ' ', 378, '20536', ' ', '2006-02-14 21:45:30'),
(271, '1587 Loja Manor', NULL, ' ', 447, '5410', ' ', '2006-02-14 21:45:30'),
(272, '1762 Paarl Parkway', NULL, ' ', 298, '53928', ' ', '2006-02-14 21:45:30'),
(273, '1519 Ilorin Place', NULL, ' ', 395, '49298', ' ', '2006-02-14 21:45:30'),
(274, '920 Kumbakonam Loop', NULL, ' ', 446, '75090', ' ', '2006-02-14 21:45:30'),
(275, '906 Goinia Way', NULL, ' ', 255, '83565', ' ', '2006-02-14 21:45:30'),
(276, '1675 Xiangfan Manor', NULL, ' ', 283, '11763', ' ', '2006-02-14 21:45:30'),
(277, '85 San Felipe de Puerto Plata Drive', NULL, ' ', 584, '46063', ' ', '2006-02-14 21:45:30'),
(278, '144 South Hill Loop', NULL, ' ', 445, '2012', ' ', '2006-02-14 21:45:30'),
(279, '1884 Shikarpur Avenue', NULL, ' ', 263, '85548', ' ', '2006-02-14 21:45:30'),
(280, '1980 Kamjanets-Podilskyi Street', NULL, ' ', 404, '89502', ' ', '2006-02-14 21:45:30'),
(281, '1944 Bamenda Way', NULL, ' ', 573, '24645', ' ', '2006-02-14 21:45:30'),
(282, '556 Baybay Manor', NULL, ' ', 374, '55802', ' ', '2006-02-14 21:45:30'),
(283, '457 Tongliao Loop', NULL, ' ', 222, '56254', ' ', '2006-02-14 21:45:30'),
(284, '600 Bradford Street', NULL, ' ', 514, '96204', ' ', '2006-02-14 21:45:30'),
(285, '1006 Santa Brbara dOeste Manor', NULL, ' ', 389, '36229', ' ', '2006-02-14 21:45:30'),
(286, '1308 Sumy Loop', NULL, ' ', 175, '30657', ' ', '2006-02-14 21:45:30'),
(287, '1405 Chisinau Place', NULL, ' ', 411, '8160', ' ', '2006-02-14 21:45:30'),
(288, '226 Halifax Street', NULL, ' ', 277, '58492', ' ', '2006-02-14 21:45:30'),
(289, '1279 Udine Parkway', NULL, ' ', 69, '75860', ' ', '2006-02-14 21:45:30'),
(290, '1336 Benin City Drive', NULL, ' ', 386, '46044', ' ', '2006-02-14 21:45:30'),
(291, '1155 Liaocheng Place', NULL, ' ', 152, '22650', ' ', '2006-02-14 21:45:30'),
(292, '1993 Tabuk Lane', NULL, ' ', 522, '64221', ' ', '2006-02-14 21:45:30'),
(293, '86 Higashiosaka Lane', NULL, ' ', 563, '33768', ' ', '2006-02-14 21:45:30'),
(294, '1912 Allende Manor', NULL, ' ', 279, '58124', ' ', '2006-02-14 21:45:30'),
(295, '544 Tarsus Boulevard', NULL, ' ', 562, '53145', ' ', '2006-02-14 21:45:30'),
(296, '1936 Cuman Avenue', NULL, ' ', 433, '61195', ' ', '2006-02-14 21:45:30'),
(297, '1192 Tongliao Street', NULL, ' ', 470, '19065', ' ', '2006-02-14 21:45:30'),
(298, '44 Najafabad Way', NULL, ' ', 146, '61391', ' ', '2006-02-14 21:45:30'),
(299, '32 Pudukkottai Lane', NULL, ' ', 140, '38834', ' ', '2006-02-14 21:45:30'),
(300, '661 Chisinau Lane', NULL, ' ', 274, '8856', ' ', '2006-02-14 21:45:30'),
(301, '951 Stara Zagora Manor', NULL, ' ', 400, '98573', ' ', '2006-02-14 21:45:30'),
(302, '922 Vila Velha Loop', NULL, ' ', 9, '4085', ' ', '2006-02-14 21:45:30'),
(303, '898 Jining Lane', NULL, ' ', 387, '40070', ' ', '2006-02-14 21:45:30'),
(304, '1635 Kuwana Boulevard', NULL, ' ', 205, '52137', ' ', '2006-02-14 21:45:30'),
(305, '41 El Alto Parkway', NULL, ' ', 398, '56883', ' ', '2006-02-14 21:45:30'),
(306, '1883 Maikop Lane', NULL, ' ', 254, '68469', ' ', '2006-02-14 21:45:30'),
(307, '1908 Gaziantep Place', NULL, ' ', 536, '58979', ' ', '2006-02-14 21:45:30'),
(308, '687 Alessandria Parkway', NULL, ' ', 455, '57587', ' ', '2006-02-14 21:45:30'),
(309, '827 Yuncheng Drive', NULL, ' ', 99, '79047', ' ', '2006-02-14 21:45:30'),
(310, '913 Coacalco de Berriozbal Loop', NULL, ' ', 33, '42141', ' ', '2006-02-14 21:45:30'),
(311, '715 So Bernardo do Campo Lane', NULL, ' ', 507, '84804', ' ', '2006-02-14 21:45:30'),
(312, '1354 Siegen Street', NULL, ' ', 25, '80184', ' ', '2006-02-14 21:45:30'),
(313, '1191 Sungai Petani Boulevard', NULL, ' ', 262, '9668', ' ', '2006-02-14 21:45:30'),
(314, '1224 Huejutla de Reyes Boulevard', NULL, ' ', 91, '70923', ' ', '2006-02-14 21:45:30'),
(315, '543 Bergamo Avenue', NULL, ' ', 215, '59686', ' ', '2006-02-14 21:45:30'),
(316, '746 Joliet Lane', NULL, ' ', 286, '94878', ' ', '2006-02-14 21:45:30'),
(317, '780 Kimberley Way', NULL, ' ', 515, '17032', ' ', '2006-02-14 21:45:30'),
(318, '1774 Yaound Place', NULL, ' ', 166, '91400', ' ', '2006-02-14 21:45:30'),
(319, '1957 Yantai Lane', NULL, ' ', 490, '59255', ' ', '2006-02-14 21:45:30'),
(320, '1542 Lubumbashi Boulevard', NULL, ' ', 57, '62472', ' ', '2006-02-14 21:45:30'),
(321, '651 Pathankot Loop', NULL, ' ', 336, '59811', ' ', '2006-02-14 21:45:30'),
(322, '1359 Zhoushan Parkway', NULL, ' ', 545, '29763', ' ', '2006-02-14 21:45:30'),
(323, '1769 Iwaki Lane', NULL, ' ', 97, '25787', ' ', '2006-02-14 21:45:30'),
(324, '1145 Vilnius Manor', NULL, ' ', 451, '73170', ' ', '2006-02-14 21:45:30'),
(325, '1892 Nabereznyje Telny Lane', NULL, ' ', 516, '28396', ' ', '2006-02-14 21:45:30'),
(326, '470 Boksburg Street', NULL, ' ', 81, '97960', ' ', '2006-02-14 21:45:30'),
(327, '1427 A Corua (La Corua) Place', NULL, ' ', 45, '85799', ' ', '2006-02-14 21:45:30'),
(328, '479 San Felipe del Progreso Avenue', NULL, ' ', 130, '54949', ' ', '2006-02-14 21:45:30'),
(329, '867 Benin City Avenue', NULL, ' ', 591, '78543', ' ', '2006-02-14 21:45:30'),
(330, '981 Kumbakonam Place', NULL, ' ', 89, '87611', ' ', '2006-02-14 21:45:30'),
(331, '1016 Iwakuni Street', NULL, ' ', 269, '49833', ' ', '2006-02-14 21:45:30'),
(332, '663 Baha Blanca Parkway', NULL, ' ', 5, '33463', ' ', '2006-02-14 21:45:30'),
(333, '1860 Taguig Loop', NULL, ' ', 119, '59550', ' ', '2006-02-14 21:45:30'),
(334, '1816 Bydgoszcz Loop', NULL, ' ', 234, '64308', ' ', '2006-02-14 21:45:30'),
(335, '587 Benguela Manor', NULL, ' ', 42, '91590', ' ', '2006-02-14 21:45:30'),
(336, '430 Kumbakonam Drive', NULL, ' ', 457, '28814', ' ', '2006-02-14 21:45:30'),
(337, '1838 Tabriz Lane', NULL, ' ', 143, '1195', ' ', '2006-02-14 21:45:30'),
(338, '431 Szkesfehrvr Avenue', NULL, ' ', 48, '57828', ' ', '2006-02-14 21:45:30'),
(339, '503 Sogamoso Loop', NULL, ' ', 505, '49812', ' ', '2006-02-14 21:45:30'),
(340, '507 Smolensk Loop', NULL, ' ', 492, '22971', ' ', '2006-02-14 21:45:30'),
(341, '1920 Weifang Avenue', NULL, ' ', 427, '15643', ' ', '2006-02-14 21:45:30'),
(342, '124 al-Manama Way', NULL, ' ', 382, '52368', ' ', '2006-02-14 21:45:30'),
(343, '1443 Mardan Street', NULL, ' ', 392, '31483', ' ', '2006-02-14 21:45:30'),
(344, '1909 Benguela Lane', NULL, ' ', 581, '19913', ' ', '2006-02-14 21:45:30'),
(345, '68 Ponce Parkway', NULL, ' ', 201, '85926', ' ', '2006-02-14 21:45:30'),
(346, '1217 Konotop Avenue', NULL, ' ', 151, '504', ' ', '2006-02-14 21:45:30'),
(347, '1293 Nam Dinh Way', NULL, ' ', 84, '71583', ' ', '2006-02-14 21:45:30'),
(348, '785 Vaduz Street', NULL, ' ', 335, '36170', ' ', '2006-02-14 21:45:30'),
(349, '1516 Escobar Drive', NULL, ' ', 370, '46069', ' ', '2006-02-14 21:45:30'),
(350, '1628 Nagareyama Lane', NULL, ' ', 453, '60079', ' ', '2006-02-14 21:45:30'),
(351, '1157 Nyeri Loop', NULL, ' ', 320, '56380', ' ', '2006-02-14 21:45:30'),
(352, '1673 Tangail Drive', NULL, ' ', 137, '26857', ' ', '2006-02-14 21:45:30'),
(353, '381 Kabul Way', NULL, ' ', 209, '87272', ' ', '2006-02-14 21:45:30'),
(354, '953 Hodeida Street', NULL, ' ', 221, '18841', ' ', '2006-02-14 21:45:30'),
(355, '469 Nakhon Sawan Street', NULL, ' ', 531, '58866', ' ', '2006-02-14 21:45:30'),
(356, '1378 Beira Loop', NULL, ' ', 597, '40792', ' ', '2006-02-14 21:45:30'),
(357, '1641 Changhwa Place', NULL, ' ', 52, '37636', ' ', '2006-02-14 21:45:30'),
(358, '1698 Southport Loop', NULL, ' ', 393, '49009', ' ', '2006-02-14 21:45:30'),
(359, '519 Nyeri Manor', NULL, ' ', 461, '37650', ' ', '2006-02-14 21:45:30'),
(360, '619 Hunuco Avenue', NULL, ' ', 331, '81508', ' ', '2006-02-14 21:45:30'),
(361, '45 Aparecida de Goinia Place', NULL, ' ', 464, '7431', ' ', '2006-02-14 21:45:30'),
(362, '482 Kowloon and New Kowloon Manor', NULL, ' ', 90, '97056', ' ', '2006-02-14 21:45:30'),
(363, '604 Bern Place', NULL, ' ', 429, '5373', ' ', '2006-02-14 21:45:30'),
(364, '1623 Kingstown Drive', NULL, ' ', 20, '91299', ' ', '2006-02-14 21:45:30'),
(365, '1009 Zanzibar Lane', NULL, ' ', 32, '64875', ' ', '2006-02-14 21:45:30'),
(366, '114 Jalib al-Shuyukh Manor', NULL, ' ', 585, '60440', ' ', '2006-02-14 21:45:30'),
(367, '1163 London Parkway', NULL, ' ', 66, '6066', ' ', '2006-02-14 21:45:30'),
(368, '1658 Jastrzebie-Zdrj Loop', NULL, ' ', 372, '96584', ' ', '2006-02-14 21:45:30'),
(369, '817 Laredo Avenue', NULL, ' ', 188, '77449', ' ', '2006-02-14 21:45:30'),
(370, '1565 Tangail Manor', NULL, ' ', 377, '45750', ' ', '2006-02-14 21:45:30'),
(371, '1912 Emeishan Drive', NULL, ' ', 50, '33050', ' ', '2006-02-14 21:45:30'),
(372, '230 Urawa Drive', NULL, ' ', 8, '2738', ' ', '2006-02-14 21:45:30'),
(373, '1922 Miraj Way', NULL, ' ', 356, '13203', ' ', '2006-02-14 21:45:30'),
(374, '433 Florencia Street', NULL, ' ', 250, '91330', ' ', '2006-02-14 21:45:30'),
(375, '1049 Matamoros Parkway', NULL, ' ', 191, '69640', ' ', '2006-02-14 21:45:30'),
(376, '1061 Ede Avenue', NULL, ' ', 98, '57810', ' ', '2006-02-14 21:45:30'),
(377, '154 Oshawa Manor', NULL, ' ', 415, '72771', ' ', '2006-02-14 21:45:30'),
(378, '1191 Tandil Drive', NULL, ' ', 523, '6362', ' ', '2006-02-14 21:45:30'),
(379, '1133 Rizhao Avenue', NULL, ' ', 572, '2800', ' ', '2006-02-14 21:45:30'),
(380, '1519 Santiago de los Caballeros Loop', NULL, ' ', 348, '22025', ' ', '2006-02-14 21:45:30'),
(381, '1618 Olomouc Manor', NULL, ' ', 285, '26385', ' ', '2006-02-14 21:45:30'),
(382, '220 Hidalgo Drive', NULL, ' ', 265, '45298', ' ', '2006-02-14 21:45:30'),
(383, '686 Donostia-San Sebastin Lane', NULL, ' ', 471, '97390', ' ', '2006-02-14 21:45:30'),
(384, '97 Mogiljov Lane', NULL, ' ', 73, '89294', ' ', '2006-02-14 21:45:30'),
(385, '1642 Charlotte Amalie Drive', NULL, ' ', 549, '75442', ' ', '2006-02-14 21:45:30'),
(386, '1368 Maracabo Boulevard', NULL, ' ', 493, '32716', ' ', '2006-02-14 21:45:30'),
(387, '401 Sucre Boulevard', NULL, ' ', 322, '25007', ' ', '2006-02-14 21:45:30'),
(388, '368 Hunuco Boulevard', NULL, ' ', 360, '17165', ' ', '2006-02-14 21:45:30'),
(389, '500 Lincoln Parkway', NULL, ' ', 210, '95509', ' ', '2006-02-14 21:45:30'),
(390, '102 Chapra Drive', NULL, ' ', 521, '14073', ' ', '2006-02-14 21:45:30'),
(391, '1793 Meixian Place', NULL, ' ', 258, '33535', ' ', '2006-02-14 21:45:30'),
(392, '514 Ife Way', NULL, ' ', 315, '69973', ' ', '2006-02-14 21:45:30'),
(393, '717 Changzhou Lane', NULL, ' ', 104, '21615', ' ', '2006-02-14 21:45:30'),
(394, '753 Ilorin Avenue', NULL, ' ', 157, '3656', ' ', '2006-02-14 21:45:30'),
(395, '1337 Mit Ghamr Avenue', NULL, ' ', 358, '29810', ' ', '2006-02-14 21:45:30'),
(396, '767 Pyongyang Drive', NULL, ' ', 229, '83536', ' ', '2006-02-14 21:45:30'),
(397, '614 Pak Kret Street', NULL, ' ', 6, '27796', ' ', '2006-02-14 21:45:30'),
(398, '954 Lapu-Lapu Way', NULL, ' ', 278, '8816', ' ', '2006-02-14 21:45:30'),
(399, '331 Bydgoszcz Parkway', NULL, ' ', 181, '966', ' ', '2006-02-14 21:45:30'),
(400, '1152 Citrus Heights Manor', NULL, ' ', 15, '5239', ' ', '2006-02-14 21:45:30'),
(401, '168 Cianjur Manor', NULL, ' ', 228, '73824', ' ', '2006-02-14 21:45:30'),
(402, '616 Hagonoy Avenue', NULL, ' ', 39, '46043', ' ', '2006-02-14 21:45:30'),
(403, '1190 0 Place', NULL, ' ', 44, '10417', ' ', '2006-02-14 21:45:30'),
(404, '734 Bchar Place', NULL, ' ', 375, '30586', ' ', '2006-02-14 21:45:30'),
(405, '530 Lausanne Lane', NULL, ' ', 135, '11067', ' ', '2006-02-14 21:45:30'),
(406, '454 Patiala Lane', NULL, ' ', 276, '13496', ' ', '2006-02-14 21:45:30'),
(407, '1346 Mysore Drive', NULL, ' ', 92, '61507', ' ', '2006-02-14 21:45:30'),
(408, '990 Etawah Loop', NULL, ' ', 564, '79940', ' ', '2006-02-14 21:45:30'),
(409, '1266 Laredo Parkway', NULL, ' ', 380, '7664', ' ', '2006-02-14 21:45:30'),
(410, '88 Nagaon Manor', NULL, ' ', 524, '86868', ' ', '2006-02-14 21:45:30'),
(411, '264 Bhimavaram Manor', NULL, ' ', 111, '54749', ' ', '2006-02-14 21:45:30'),
(412, '1639 Saarbrcken Drive', NULL, ' ', 437, '9827', ' ', '2006-02-14 21:45:30'),
(413, '692 Amroha Drive', NULL, ' ', 230, '35575', ' ', '2006-02-14 21:45:30'),
(414, '1936 Lapu-Lapu Parkway', NULL, ' ', 141, '7122', ' ', '2006-02-14 21:45:30'),
(415, '432 Garden Grove Street', NULL, ' ', 430, '65630', ' ', '2006-02-14 21:45:30'),
(416, '1445 Carmen Parkway', NULL, ' ', 117, '70809', ' ', '2006-02-14 21:45:30'),
(417, '791 Salinas Street', NULL, ' ', 208, '40509', ' ', '2006-02-14 21:45:30'),
(418, '126 Acua Parkway', NULL, ' ', 71, '58888', ' ', '2006-02-14 21:45:30'),
(419, '397 Sunnyvale Avenue', NULL, ' ', 19, '55566', ' ', '2006-02-14 21:45:30'),
(420, '992 Klerksdorp Loop', NULL, ' ', 23, '33711', ' ', '2006-02-14 21:45:30'),
(421, '966 Arecibo Loop', NULL, ' ', 134, '94018', ' ', '2006-02-14 21:45:30'),
(422, '289 Santo Andr Manor', NULL, ' ', 16, '72410', ' ', '2006-02-14 21:45:30'),
(423, '437 Chungho Drive', NULL, ' ', 450, '59489', ' ', '2006-02-14 21:45:30'),
(424, '1948 Bayugan Parkway', NULL, ' ', 264, '60622', ' ', '2006-02-14 21:45:30'),
(425, '1866 al-Qatif Avenue', NULL, ' ', 155, '89420', ' ', '2006-02-14 21:45:30'),
(426, '1661 Abha Drive', NULL, ' ', 416, '14400', ' ', '2006-02-14 21:45:30'),
(427, '1557 Cape Coral Parkway', NULL, ' ', 293, '46875', ' ', '2006-02-14 21:45:30'),
(428, '1727 Matamoros Place', NULL, ' ', 465, '78813', ' ', '2006-02-14 21:45:30'),
(429, '1269 Botosani Manor', NULL, ' ', 468, '47394', ' ', '2006-02-14 21:45:30'),
(430, '355 Vitria de Santo Anto Way', NULL, ' ', 452, '81758', ' ', '2006-02-14 21:45:30'),
(431, '1596 Acua Parkway', NULL, ' ', 418, '70425', ' ', '2006-02-14 21:45:30'),
(432, '259 Ipoh Drive', NULL, ' ', 189, '64964', ' ', '2006-02-14 21:45:30'),
(433, '1823 Hoshiarpur Lane', NULL, ' ', 510, '33191', ' ', '2006-02-14 21:45:30'),
(434, '1404 Taguig Drive', NULL, ' ', 547, '87212', ' ', '2006-02-14 21:45:30'),
(435, '740 Udaipur Lane', NULL, ' ', 150, '33505', ' ', '2006-02-14 21:45:30'),
(436, '287 Cuautla Boulevard', NULL, ' ', 501, '72736', ' ', '2006-02-14 21:45:30'),
(437, '1766 Almirante Brown Street', NULL, ' ', 364, '63104', ' ', '2006-02-14 21:45:30'),
(438, '596 Huixquilucan Place', NULL, ' ', 351, '65892', ' ', '2006-02-14 21:45:30'),
(439, '1351 Aparecida de Goinia Parkway', NULL, ' ', 391, '41775', ' ', '2006-02-14 21:45:30'),
(440, '722 Bradford Lane', NULL, ' ', 249, '90920', ' ', '2006-02-14 21:45:30'),
(441, '983 Santa F Way', NULL, ' ', 565, '47472', ' ', '2006-02-14 21:45:30'),
(442, '1245 Ibirit Way', NULL, ' ', 290, '40926', ' ', '2006-02-14 21:45:30'),
(443, '1836 Korla Parkway', NULL, ' ', 272, '55405', ' ', '2006-02-14 21:45:30'),
(444, '231 Kaliningrad Place', NULL, ' ', 70, '57833', ' ', '2006-02-14 21:45:30'),
(445, '495 Bhimavaram Lane', NULL, ' ', 144, '3', ' ', '2006-02-14 21:45:30'),
(446, '1924 Shimonoseki Drive', NULL, ' ', 59, '52625', ' ', '2006-02-14 21:45:30'),
(447, '105 Dzerzinsk Manor', NULL, ' ', 540, '48570', ' ', '2006-02-14 21:45:30'),
(448, '614 Denizli Parkway', NULL, ' ', 486, '29444', ' ', '2006-02-14 21:45:30'),
(449, '1289 Belm Boulevard', NULL, ' ', 530, '88306', ' ', '2006-02-14 21:45:30'),
(450, '203 Tambaram Street', NULL, ' ', 161, '73942', ' ', '2006-02-14 21:45:30'),
(451, '1704 Tambaram Manor', NULL, ' ', 554, '2834', ' ', '2006-02-14 21:45:30'),
(452, '207 Cuernavaca Loop', NULL, ' ', 352, '52671', ' ', '2006-02-14 21:45:30'),
(453, '319 Springs Loop', NULL, ' ', 160, '99552', ' ', '2006-02-14 21:45:30'),
(454, '956 Nam Dinh Manor', NULL, ' ', 481, '21872', ' ', '2006-02-14 21:45:30'),
(455, '1947 Paarl Way', NULL, ' ', 509, '23636', ' ', '2006-02-14 21:45:30'),
(456, '814 Simferopol Loop', NULL, ' ', 154, '48745', ' ', '2006-02-14 21:45:30'),
(457, '535 Ahmadnagar Manor', NULL, ' ', 3, '41136', ' ', '2006-02-14 21:45:30'),
(458, '138 Caracas Boulevard', NULL, ' ', 326, '16790', ' ', '2006-02-14 21:45:30'),
(459, '251 Florencia Drive', NULL, ' ', 556, '16119', ' ', '2006-02-14 21:45:30'),
(460, '659 Gatineau Boulevard', NULL, ' ', 153, '28587', ' ', '2006-02-14 21:45:30'),
(461, '1889 Valparai Way', NULL, ' ', 600, '75559', ' ', '2006-02-14 21:45:30'),
(462, '1485 Bratislava Place', NULL, ' ', 435, '83183', ' ', '2006-02-14 21:45:30'),
(463, '935 Aden Boulevard', NULL, ' ', 532, '64709', ' ', '2006-02-14 21:45:30'),
(464, '76 Kermanshah Manor', NULL, ' ', 423, '23343', ' ', '2006-02-14 21:45:30'),
(465, '734 Tanshui Avenue', NULL, ' ', 170, '70664', ' ', '2006-02-14 21:45:30'),
(466, '118 Jaffna Loop', NULL, ' ', 182, '10447', ' ', '2006-02-14 21:45:30'),
(467, '1621 Tongliao Avenue', NULL, ' ', 558, '22173', ' ', '2006-02-14 21:45:30'),
(468, '1844 Usak Avenue', NULL, ' ', 196, '84461', ' ', '2006-02-14 21:45:30'),
(469, '1872 Toulon Loop', NULL, ' ', 428, '7939', ' ', '2006-02-14 21:45:30'),
(470, '1088 Ibirit Place', NULL, ' ', 595, '88502', ' ', '2006-02-14 21:45:30'),
(471, '1322 Mosul Parkway', NULL, ' ', 145, '95400', ' ', '2006-02-14 21:45:30'),
(472, '1447 Chatsworth Place', NULL, ' ', 129, '41545', ' ', '2006-02-14 21:45:30'),
(473, '1257 Guadalajara Street', NULL, ' ', 78, '33599', ' ', '2006-02-14 21:45:30'),
(474, '1469 Plock Lane', NULL, ' ', 388, '95835', ' ', '2006-02-14 21:45:30'),
(475, '434 Ourense (Orense) Manor', NULL, ' ', 206, '14122', ' ', '2006-02-14 21:45:30'),
(476, '270 Tambaram Parkway', NULL, ' ', 244, '9668', ' ', '2006-02-14 21:45:30'),
(477, '1786 Salinas Place', NULL, ' ', 359, '66546', ' ', '2006-02-14 21:45:30'),
(478, '1078 Stara Zagora Drive', NULL, ' ', 301, '69221', ' ', '2006-02-14 21:45:30'),
(479, '1854 Okara Boulevard', NULL, ' ', 158, '42123', ' ', '2006-02-14 21:45:30'),
(480, '421 Yaound Street', NULL, ' ', 385, '11363', ' ', '2006-02-14 21:45:30'),
(481, '1153 Allende Way', NULL, ' ', 179, '20336', ' ', '2006-02-14 21:45:30'),
(482, '808 Naala-Porto Parkway', NULL, ' ', 500, '41060', ' ', '2006-02-14 21:45:30'),
(483, '632 Usolje-Sibirskoje Parkway', NULL, ' ', 36, '73085', ' ', '2006-02-14 21:45:30'),
(484, '98 Pyongyang Boulevard', NULL, ' ', 11, '88749', ' ', '2006-02-14 21:45:30'),
(485, '984 Novoterkassk Loop', NULL, ' ', 180, '28165', ' ', '2006-02-14 21:45:30'),
(486, '64 Korla Street', NULL, ' ', 347, '25145', ' ', '2006-02-14 21:45:30'),
(487, '1785 So Bernardo do Campo Street', NULL, ' ', 125, '71182', ' ', '2006-02-14 21:45:30'),
(488, '698 Jelets Boulevard', NULL, ' ', 142, '2596', ' ', '2006-02-14 21:45:30'),
(489, '1297 Alvorada Parkway', NULL, ' ', 587, '11839', ' ', '2006-02-14 21:45:30'),
(490, '1909 Dayton Avenue', NULL, ' ', 469, '88513', ' ', '2006-02-14 21:45:30'),
(491, '1789 Saint-Denis Parkway', NULL, ' ', 4, '8268', ' ', '2006-02-14 21:45:30'),
(492, '185 Mannheim Lane', NULL, ' ', 408, '23661', ' ', '2006-02-14 21:45:30'),
(493, '184 Mandaluyong Street', NULL, ' ', 288, '94239', ' ', '2006-02-14 21:45:30'),
(494, '591 Sungai Petani Drive', NULL, ' ', 376, '46400', ' ', '2006-02-14 21:45:30'),
(495, '656 Matamoros Drive', NULL, ' ', 487, '19489', ' ', '2006-02-14 21:45:30'),
(496, '775 ostka Drive', NULL, ' ', 337, '22358', ' ', '2006-02-14 21:45:30'),
(497, '1013 Tabuk Boulevard', NULL, ' ', 261, '96203', ' ', '2006-02-14 21:45:30'),
(498, '319 Plock Parkway', NULL, ' ', 504, '26101', ' ', '2006-02-14 21:45:30'),
(499, '1954 Kowloon and New Kowloon Way', NULL, ' ', 434, '63667', ' ', '2006-02-14 21:45:30'),
(500, '362 Rajkot Lane', NULL, ' ', 47, '98030', ' ', '2006-02-14 21:45:30'),
(501, '1060 Tandil Lane', NULL, ' ', 432, '72349', ' ', '2006-02-14 21:45:30'),
(502, '1515 Korla Way', NULL, ' ', 589, '57197', ' ', '2006-02-14 21:45:30'),
(503, '1416 San Juan Bautista Tuxtepec Avenue', NULL, ' ', 444, '50592', ' ', '2006-02-14 21:45:30'),
(504, '1 Valle de Santiago Avenue', NULL, ' ', 93, '86208', ' ', '2006-02-14 21:45:30'),
(505, '519 Brescia Parkway', NULL, ' ', 318, '69504', ' ', '2006-02-14 21:45:30'),
(506, '414 Mandaluyong Street', NULL, ' ', 314, '16370', ' ', '2006-02-14 21:45:30'),
(507, '1197 Sokoto Boulevard', NULL, ' ', 478, '87687', ' ', '2006-02-14 21:45:30'),
(508, '496 Celaya Drive', NULL, ' ', 552, '90797', ' ', '2006-02-14 21:45:30'),
(509, '786 Matsue Way', NULL, ' ', 245, '37469', ' ', '2006-02-14 21:45:30'),
(510, '48 Maracabo Place', NULL, ' ', 519, '1570', ' ', '2006-02-14 21:45:30'),
(511, '1152 al-Qatif Lane', NULL, ' ', 412, '44816', ' ', '2006-02-14 21:45:30'),
(512, '1269 Ipoh Avenue', NULL, ' ', 163, '54674', ' ', '2006-02-14 21:45:30'),
(513, '758 Korolev Parkway', NULL, ' ', 568, '75474', ' ', '2006-02-14 21:45:30'),
(514, '1747 Rustenburg Place', NULL, ' ', 110, '51369', ' ', '2006-02-14 21:45:30'),
(515, '886 Tonghae Place', NULL, ' ', 259, '19450', ' ', '2006-02-14 21:45:30'),
(516, '1574 Goinia Boulevard', NULL, ' ', 502, '39529', ' ', '2006-02-14 21:45:30'),
(517, '548 Uruapan Street', NULL, ' ', 312, '35653', ' ', '2006-02-14 21:45:30'),
(519, '962 Tama Loop', NULL, ' ', 583, '65952', ' ', '2006-02-14 21:45:30'),
(520, '1778 Gijn Manor', NULL, ' ', 594, '35156', ' ', '2006-02-14 21:45:30'),
(521, '568 Dhule (Dhulia) Loop', NULL, ' ', 127, '92568', ' ', '2006-02-14 21:45:30'),
(522, '1768 Udine Loop', NULL, ' ', 60, '32347', ' ', '2006-02-14 21:45:30'),
(523, '608 Birgunj Parkway', NULL, ' ', 116, '400', ' ', '2006-02-14 21:45:30'),
(524, '680 A Corua (La Corua) Manor', NULL, ' ', 482, '49806', ' ', '2006-02-14 21:45:30'),
(525, '1949 Sanya Street', NULL, ' ', 224, '61244', ' ', '2006-02-14 21:45:30'),
(526, '617 Klerksdorp Place', NULL, ' ', 366, '94707', ' ', '2006-02-14 21:45:30'),
(527, '1993 0 Loop', NULL, ' ', 588, '41214', ' ', '2006-02-14 21:45:30'),
(528, '1176 Southend-on-Sea Manor', NULL, ' ', 458, '81651', ' ', '2006-02-14 21:45:30'),
(529, '600 Purnea (Purnia) Avenue', NULL, ' ', 571, '18043', ' ', '2006-02-14 21:45:30'),
(530, '1003 Qinhuangdao Street', NULL, ' ', 419, '25972', ' ', '2006-02-14 21:45:30'),
(531, '1986 Sivas Place', NULL, ' ', 551, '95775', ' ', '2006-02-14 21:45:30'),
(532, '1427 Tabuk Place', NULL, ' ', 101, '31342', ' ', '2006-02-14 21:45:30'),
(533, '556 Asuncin Way', NULL, ' ', 339, '35364', ' ', '2006-02-14 21:45:30'),
(534, '486 Ondo Parkway', NULL, ' ', 67, '35202', ' ', '2006-02-14 21:45:30'),
(535, '635 Brest Manor', NULL, ' ', 75, '40899', ' ', '2006-02-14 21:45:30'),
(536, '166 Jinchang Street', NULL, ' ', 165, '86760', ' ', '2006-02-14 21:45:30'),
(537, '958 Sagamihara Lane', NULL, ' ', 287, '88408', ' ', '2006-02-14 21:45:30'),
(538, '1817 Livorno Way', NULL, ' ', 100, '79401', ' ', '2006-02-14 21:45:30'),
(539, '1332 Gaziantep Lane', NULL, ' ', 80, '22813', ' ', '2006-02-14 21:45:30'),
(540, '949 Allende Lane', NULL, ' ', 24, '67521', ' ', '2006-02-14 21:45:30'),
(541, '195 Ilorin Street', NULL, ' ', 363, '49250', ' ', '2006-02-14 21:45:30'),
(542, '193 Bhusawal Place', NULL, ' ', 539, '9750', ' ', '2006-02-14 21:45:30'),
(543, '43 Vilnius Manor', NULL, ' ', 42, '79814', ' ', '2006-02-14 21:45:30'),
(544, '183 Haiphong Street', NULL, ' ', 46, '69953', ' ', '2006-02-14 21:45:30'),
(545, '163 Augusta-Richmond County Loop', NULL, ' ', 561, '33030', ' ', '2006-02-14 21:45:30'),
(546, '191 Jos Azueta Parkway', NULL, ' ', 436, '13629', ' ', '2006-02-14 21:45:30'),
(547, '379 Lublin Parkway', NULL, ' ', 309, '74568', ' ', '2006-02-14 21:45:30'),
(548, '1658 Cuman Loop', NULL, ' ', 396, '51309', ' ', '2006-02-14 21:45:30'),
(549, '454 Qinhuangdao Drive', NULL, ' ', 68, '25866', ' ', '2006-02-14 21:45:30'),
(550, '1715 Okayama Street', NULL, ' ', 485, '55676', ' ', '2006-02-14 21:45:30'),
(551, '182 Nukualofa Drive', NULL, ' ', 275, '15414', ' ', '2006-02-14 21:45:30'),
(552, '390 Wroclaw Way', NULL, ' ', 462, '5753', ' ', '2006-02-14 21:45:30'),
(553, '1421 Quilmes Lane', NULL, ' ', 260, '19151', ' ', '2006-02-14 21:45:30'),
(554, '947 Trshavn Place', NULL, ' ', 528, '841', ' ', '2006-02-14 21:45:30'),
(555, '1764 Jalib al-Shuyukh Parkway', NULL, ' ', 459, '77642', ' ', '2006-02-14 21:45:30'),
(556, '346 Cam Ranh Avenue', NULL, ' ', 599, '39976', ' ', '2006-02-14 21:45:30'),
(557, '1407 Pachuca de Soto Place', NULL, ' ', 21, '26284', ' ', '2006-02-14 21:45:30'),
(558, '904 Clarksville Drive', NULL, ' ', 193, '52234', ' ', '2006-02-14 21:45:30'),
(559, '1917 Kumbakonam Parkway', NULL, ' ', 368, '11892', ' ', '2006-02-14 21:45:30'),
(560, '1447 Imus Place', NULL, ' ', 426, '12905', ' ', '2006-02-14 21:45:30'),
(561, '1497 Fengshan Drive', NULL, ' ', 112, '63022', ' ', '2006-02-14 21:45:30'),
(562, '869 Shikarpur Way', NULL, ' ', 496, '57380', ' ', '2006-02-14 21:45:30'),
(563, '1059 Yuncheng Avenue', NULL, ' ', 570, '47498', ' ', '2006-02-14 21:45:30'),
(564, '505 Madiun Boulevard', NULL, ' ', 577, '97271', ' ', '2006-02-14 21:45:30'),
(565, '1741 Hoshiarpur Boulevard', NULL, ' ', 79, '22372', ' ', '2006-02-14 21:45:30'),
(566, '1229 Varanasi (Benares) Manor', NULL, ' ', 43, '40195', ' ', '2006-02-14 21:45:30'),
(567, '1894 Boa Vista Way', NULL, ' ', 178, '77464', ' ', '2006-02-14 21:45:30'),
(568, '1342 Sharja Way', NULL, ' ', 488, '93655', ' ', '2006-02-14 21:45:30'),
(569, '1342 Abha Boulevard', NULL, ' ', 95, '10714', ' ', '2006-02-14 21:45:30'),
(570, '415 Pune Avenue', NULL, ' ', 580, '44274', ' ', '2006-02-14 21:45:30'),
(571, '1746 Faaa Way', NULL, ' ', 214, '32515', ' ', '2006-02-14 21:45:30'),
(572, '539 Hami Way', NULL, ' ', 538, '52196', ' ', '2006-02-14 21:45:30'),
(573, '1407 Surakarta Manor', NULL, ' ', 466, '33224', ' ', '2006-02-14 21:45:30'),
(574, '502 Mandi Bahauddin Parkway', NULL, ' ', 55, '15992', ' ', '2006-02-14 21:45:30'),
(575, '1052 Pathankot Avenue', NULL, ' ', 299, '77397', ' ', '2006-02-14 21:45:30'),
(576, '1351 Sousse Lane', NULL, ' ', 341, '37815', ' ', '2006-02-14 21:45:30'),
(577, '1501 Pangkal Pinang Avenue', NULL, ' ', 409, '943', ' ', '2006-02-14 21:45:30'),
(578, '1405 Hagonoy Avenue', NULL, ' ', 133, '86587', ' ', '2006-02-14 21:45:30'),
(579, '521 San Juan Bautista Tuxtepec Place', NULL, ' ', 598, '95093', ' ', '2006-02-14 21:45:30'),
(580, '923 Tangail Boulevard', NULL, ' ', 10, '33384', ' ', '2006-02-14 21:45:30'),
(581, '186 Skikda Lane', NULL, ' ', 131, '89422', ' ', '2006-02-14 21:45:30'),
(582, '1568 Celaya Parkway', NULL, ' ', 168, '34750', ' ', '2006-02-14 21:45:30'),
(583, '1489 Kakamigahara Lane', NULL, ' ', 526, '98883', ' ', '2006-02-14 21:45:30'),
(584, '1819 Alessandria Loop', NULL, ' ', 103, '53829', ' ', '2006-02-14 21:45:30'),
(585, '1208 Tama Loop', NULL, ' ', 344, '73605', ' ', '2006-02-14 21:45:30'),
(586, '951 Springs Lane', NULL, ' ', 219, '96115', ' ', '2006-02-14 21:45:30'),
(587, '760 Miyakonojo Drive', NULL, ' ', 246, '64682', ' ', '2006-02-14 21:45:30'),
(588, '966 Asuncin Way', NULL, ' ', 212, '62703', ' ', '2006-02-14 21:45:30'),
(589, '1584 Ljubertsy Lane', NULL, ' ', 494, '22954', ' ', '2006-02-14 21:45:30'),
(590, '247 Jining Parkway', NULL, ' ', 54, '53446', ' ', '2006-02-14 21:45:30'),
(591, '773 Dallas Manor', NULL, ' ', 424, '12664', ' ', '2006-02-14 21:45:30'),
(592, '1923 Stara Zagora Lane', NULL, ' ', 546, '95179', ' ', '2006-02-14 21:45:30'),
(593, '1402 Zanzibar Boulevard', NULL, ' ', 106, '71102', ' ', '2006-02-14 21:45:30'),
(594, '1464 Kursk Parkway', NULL, ' ', 574, '17381', ' ', '2006-02-14 21:45:30'),
(595, '1074 Sanaa Parkway', NULL, ' ', 311, '22474', ' ', '2006-02-14 21:45:30'),
(596, '1759 Niznekamsk Avenue', NULL, ' ', 14, '39414', ' ', '2006-02-14 21:45:30'),
(597, '32 Liaocheng Way', NULL, ' ', 248, '1944', ' ', '2006-02-14 21:45:30'),
(598, '42 Fontana Avenue', NULL, ' ', 512, '14684', ' ', '2006-02-14 21:45:30'),
(599, '1895 Zhezqazghan Drive', NULL, ' ', 177, '36693', ' ', '2006-02-14 21:45:30'),
(600, '1837 Kaduna Parkway', NULL, ' ', 241, '82580', ' ', '2006-02-14 21:45:30'),
(601, '844 Bucuresti Place', NULL, ' ', 242, '36603', ' ', '2006-02-14 21:45:30'),
(602, '1101 Bucuresti Boulevard', NULL, ' ', 401, '97661', ' ', '2006-02-14 21:45:30'),
(603, '1103 Quilmes Boulevard', NULL, ' ', 503, '52137', ' ', '2006-02-14 21:45:30'),
(604, '1331 Usak Boulevard', NULL, ' ', 296, '61960', ' ', '2006-02-14 21:45:30'),
(605, '1325 Fukuyama Street', NULL, ' ', 537, '27107', ' ', '2006-02-14 21:45:30');

-- --------------------------------------------------------

--
-- Cấu trúc bảng cho bảng `city`
--

DROP TABLE IF EXISTS `city`;
CREATE TABLE IF NOT EXISTS `city` (
  `city_id` smallint(6) NOT NULL AUTO_INCREMENT,
  `city` varchar(50) NOT NULL,
  `country_id` smallint(6) NOT NULL,
  `last_update` timestamp NOT NULL DEFAULT current_timestamp() ON UPDATE current_timestamp(),
  PRIMARY KEY (`city_id`),
  KEY `idx_country_id` (`country_id`)
) ENGINE=InnoDB AUTO_INCREMENT=601 DEFAULT CHARSET=utf8mb4 COLLATE=utf8mb4_unicode_ci;

--
-- Đang đổ dữ liệu cho bảng `city`
--

INSERT INTO `city` (`city_id`, `city`, `country_id`, `last_update`) VALUES
(1, 'A Corua (La Corua)', 87, '2006-02-14 21:45:25'),
(2, 'Abha', 82, '2006-02-14 21:45:25'),
(3, 'Abu Dhabi', 101, '2006-02-14 21:45:25'),
(4, 'Acua', 60, '2006-02-14 21:45:25'),
(5, 'Adana', 97, '2006-02-14 21:45:25'),
(6, 'Addis Abeba', 31, '2006-02-14 21:45:25'),
(7, 'Aden', 107, '2006-02-14 21:45:25'),
(8, 'Adoni', 44, '2006-02-14 21:45:25'),
(9, 'Ahmadnagar', 44, '2006-02-14 21:45:25'),
(10, 'Akishima', 50, '2006-02-14 21:45:25'),
(11, 'Akron', 103, '2006-02-14 21:45:25'),
(12, 'al-Ayn', 101, '2006-02-14 21:45:25'),
(13, 'al-Hawiya', 82, '2006-02-14 21:45:25'),
(14, 'al-Manama', 11, '2006-02-14 21:45:25'),
(15, 'al-Qadarif', 89, '2006-02-14 21:45:25'),
(16, 'al-Qatif', 82, '2006-02-14 21:45:25'),
(17, 'Alessandria', 49, '2006-02-14 21:45:25'),
(18, 'Allappuzha (Alleppey)', 44, '2006-02-14 21:45:25'),
(19, 'Allende', 60, '2006-02-14 21:45:25'),
(20, 'Almirante Brown', 6, '2006-02-14 21:45:25'),
(21, 'Alvorada', 15, '2006-02-14 21:45:25'),
(22, 'Ambattur', 44, '2006-02-14 21:45:25'),
(23, 'Amersfoort', 67, '2006-02-14 21:45:25'),
(24, 'Amroha', 44, '2006-02-14 21:45:25'),
(25, 'Angra dos Reis', 15, '2006-02-14 21:45:25'),
(26, 'Anpolis', 15, '2006-02-14 21:45:25'),
(27, 'Antofagasta', 22, '2006-02-14 21:45:25'),
(28, 'Aparecida de Goinia', 15, '2006-02-14 21:45:25'),
(29, 'Apeldoorn', 67, '2006-02-14 21:45:25'),
(30, 'Araatuba', 15, '2006-02-14 21:45:25'),
(31, 'Arak', 46, '2006-02-14 21:45:25'),
(32, 'Arecibo', 77, '2006-02-14 21:45:25'),
(33, 'Arlington', 103, '2006-02-14 21:45:25'),
(34, 'Ashdod', 48, '2006-02-14 21:45:25'),
(35, 'Ashgabat', 98, '2006-02-14 21:45:25'),
(36, 'Ashqelon', 48, '2006-02-14 21:45:25'),
(37, 'Asuncin', 73, '2006-02-14 21:45:25'),
(38, 'Athenai', 39, '2006-02-14 21:45:25'),
(39, 'Atinsk', 80, '2006-02-14 21:45:25'),
(40, 'Atlixco', 60, '2006-02-14 21:45:25'),
(41, 'Augusta-Richmond County', 103, '2006-02-14 21:45:25'),
(42, 'Aurora', 103, '2006-02-14 21:45:25'),
(43, 'Avellaneda', 6, '2006-02-14 21:45:25'),
(44, 'Bag', 15, '2006-02-14 21:45:25'),
(45, 'Baha Blanca', 6, '2006-02-14 21:45:25'),
(46, 'Baicheng', 23, '2006-02-14 21:45:25'),
(47, 'Baiyin', 23, '2006-02-14 21:45:25'),
(48, 'Baku', 10, '2006-02-14 21:45:25'),
(49, 'Balaiha', 80, '2006-02-14 21:45:25'),
(50, 'Balikesir', 97, '2006-02-14 21:45:25'),
(51, 'Balurghat', 44, '2006-02-14 21:45:25'),
(52, 'Bamenda', 19, '2006-02-14 21:45:25'),
(53, 'Bandar Seri Begawan', 16, '2006-02-14 21:45:25'),
(54, 'Banjul', 37, '2006-02-14 21:45:25'),
(55, 'Barcelona', 104, '2006-02-14 21:45:25'),
(56, 'Basel', 91, '2006-02-14 21:45:25'),
(57, 'Bat Yam', 48, '2006-02-14 21:45:25'),
(58, 'Batman', 97, '2006-02-14 21:45:25'),
(59, 'Batna', 2, '2006-02-14 21:45:25'),
(60, 'Battambang', 18, '2006-02-14 21:45:25'),
(61, 'Baybay', 75, '2006-02-14 21:45:25'),
(62, 'Bayugan', 75, '2006-02-14 21:45:25'),
(63, 'Bchar', 2, '2006-02-14 21:45:25'),
(64, 'Beira', 63, '2006-02-14 21:45:25'),
(65, 'Bellevue', 103, '2006-02-14 21:45:25'),
(66, 'Belm', 15, '2006-02-14 21:45:25'),
(67, 'Benguela', 4, '2006-02-14 21:45:25'),
(68, 'Beni-Mellal', 62, '2006-02-14 21:45:25'),
(69, 'Benin City', 69, '2006-02-14 21:45:25'),
(70, 'Bergamo', 49, '2006-02-14 21:45:25'),
(71, 'Berhampore (Baharampur)', 44, '2006-02-14 21:45:25'),
(72, 'Bern', 91, '2006-02-14 21:45:25'),
(73, 'Bhavnagar', 44, '2006-02-14 21:45:25'),
(74, 'Bhilwara', 44, '2006-02-14 21:45:25'),
(75, 'Bhimavaram', 44, '2006-02-14 21:45:25'),
(76, 'Bhopal', 44, '2006-02-14 21:45:25'),
(77, 'Bhusawal', 44, '2006-02-14 21:45:25'),
(78, 'Bijapur', 44, '2006-02-14 21:45:25'),
(79, 'Bilbays', 29, '2006-02-14 21:45:25'),
(80, 'Binzhou', 23, '2006-02-14 21:45:25'),
(81, 'Birgunj', 66, '2006-02-14 21:45:25'),
(82, 'Bislig', 75, '2006-02-14 21:45:25'),
(83, 'Blumenau', 15, '2006-02-14 21:45:25'),
(84, 'Boa Vista', 15, '2006-02-14 21:45:25'),
(85, 'Boksburg', 85, '2006-02-14 21:45:25'),
(86, 'Botosani', 78, '2006-02-14 21:45:25'),
(87, 'Botshabelo', 85, '2006-02-14 21:45:25'),
(88, 'Bradford', 102, '2006-02-14 21:45:25'),
(89, 'Braslia', 15, '2006-02-14 21:45:25'),
(90, 'Bratislava', 84, '2006-02-14 21:45:25'),
(91, 'Brescia', 49, '2006-02-14 21:45:25'),
(92, 'Brest', 34, '2006-02-14 21:45:25'),
(93, 'Brindisi', 49, '2006-02-14 21:45:25'),
(94, 'Brockton', 103, '2006-02-14 21:45:25'),
(95, 'Bucuresti', 78, '2006-02-14 21:45:25'),
(96, 'Buenaventura', 24, '2006-02-14 21:45:25'),
(97, 'Bydgoszcz', 76, '2006-02-14 21:45:25'),
(98, 'Cabuyao', 75, '2006-02-14 21:45:25'),
(99, 'Callao', 74, '2006-02-14 21:45:25'),
(100, 'Cam Ranh', 105, '2006-02-14 21:45:25'),
(101, 'Cape Coral', 103, '2006-02-14 21:45:25'),
(102, 'Caracas', 104, '2006-02-14 21:45:25'),
(103, 'Carmen', 60, '2006-02-14 21:45:25'),
(104, 'Cavite', 75, '2006-02-14 21:45:25'),
(105, 'Cayenne', 35, '2006-02-14 21:45:25'),
(106, 'Celaya', 60, '2006-02-14 21:45:25'),
(107, 'Chandrapur', 44, '2006-02-14 21:45:25'),
(108, 'Changhwa', 92, '2006-02-14 21:45:25'),
(109, 'Changzhou', 23, '2006-02-14 21:45:25'),
(110, 'Chapra', 44, '2006-02-14 21:45:25'),
(111, 'Charlotte Amalie', 106, '2006-02-14 21:45:25'),
(112, 'Chatsworth', 85, '2006-02-14 21:45:25'),
(113, 'Cheju', 86, '2006-02-14 21:45:25'),
(114, 'Chiayi', 92, '2006-02-14 21:45:25'),
(115, 'Chisinau', 61, '2006-02-14 21:45:25'),
(116, 'Chungho', 92, '2006-02-14 21:45:25'),
(117, 'Cianjur', 45, '2006-02-14 21:45:25'),
(118, 'Ciomas', 45, '2006-02-14 21:45:25'),
(119, 'Ciparay', 45, '2006-02-14 21:45:25'),
(120, 'Citrus Heights', 103, '2006-02-14 21:45:25'),
(121, 'Citt del Vaticano', 41, '2006-02-14 21:45:25'),
(122, 'Ciudad del Este', 73, '2006-02-14 21:45:25'),
(123, 'Clarksville', 103, '2006-02-14 21:45:25'),
(124, 'Coacalco de Berriozbal', 60, '2006-02-14 21:45:25'),
(125, 'Coatzacoalcos', 60, '2006-02-14 21:45:25'),
(126, 'Compton', 103, '2006-02-14 21:45:25'),
(127, 'Coquimbo', 22, '2006-02-14 21:45:25'),
(128, 'Crdoba', 6, '2006-02-14 21:45:25'),
(129, 'Cuauhtmoc', 60, '2006-02-14 21:45:25'),
(130, 'Cuautla', 60, '2006-02-14 21:45:25'),
(131, 'Cuernavaca', 60, '2006-02-14 21:45:25'),
(132, 'Cuman', 104, '2006-02-14 21:45:25'),
(133, 'Czestochowa', 76, '2006-02-14 21:45:25'),
(134, 'Dadu', 72, '2006-02-14 21:45:25'),
(135, 'Dallas', 103, '2006-02-14 21:45:25'),
(136, 'Datong', 23, '2006-02-14 21:45:25'),
(137, 'Daugavpils', 54, '2006-02-14 21:45:25'),
(138, 'Davao', 75, '2006-02-14 21:45:25'),
(139, 'Daxian', 23, '2006-02-14 21:45:25'),
(140, 'Dayton', 103, '2006-02-14 21:45:25'),
(141, 'Deba Habe', 69, '2006-02-14 21:45:25'),
(142, 'Denizli', 97, '2006-02-14 21:45:25'),
(143, 'Dhaka', 12, '2006-02-14 21:45:25'),
(144, 'Dhule (Dhulia)', 44, '2006-02-14 21:45:25'),
(145, 'Dongying', 23, '2006-02-14 21:45:25'),
(146, 'Donostia-San Sebastin', 87, '2006-02-14 21:45:25'),
(147, 'Dos Quebradas', 24, '2006-02-14 21:45:25'),
(148, 'Duisburg', 38, '2006-02-14 21:45:25'),
(149, 'Dundee', 102, '2006-02-14 21:45:25'),
(150, 'Dzerzinsk', 80, '2006-02-14 21:45:25'),
(151, 'Ede', 67, '2006-02-14 21:45:25'),
(152, 'Effon-Alaiye', 69, '2006-02-14 21:45:25'),
(153, 'El Alto', 14, '2006-02-14 21:45:25'),
(154, 'El Fuerte', 60, '2006-02-14 21:45:25'),
(155, 'El Monte', 103, '2006-02-14 21:45:25'),
(156, 'Elista', 80, '2006-02-14 21:45:25'),
(157, 'Emeishan', 23, '2006-02-14 21:45:25'),
(158, 'Emmen', 67, '2006-02-14 21:45:25'),
(159, 'Enshi', 23, '2006-02-14 21:45:25'),
(160, 'Erlangen', 38, '2006-02-14 21:45:25'),
(161, 'Escobar', 6, '2006-02-14 21:45:25'),
(162, 'Esfahan', 46, '2006-02-14 21:45:25'),
(163, 'Eskisehir', 97, '2006-02-14 21:45:25'),
(164, 'Etawah', 44, '2006-02-14 21:45:25'),
(165, 'Ezeiza', 6, '2006-02-14 21:45:25'),
(166, 'Ezhou', 23, '2006-02-14 21:45:25'),
(167, 'Faaa', 36, '2006-02-14 21:45:25'),
(168, 'Fengshan', 92, '2006-02-14 21:45:25'),
(169, 'Firozabad', 44, '2006-02-14 21:45:25'),
(170, 'Florencia', 24, '2006-02-14 21:45:25'),
(171, 'Fontana', 103, '2006-02-14 21:45:25'),
(172, 'Fukuyama', 50, '2006-02-14 21:45:25'),
(173, 'Funafuti', 99, '2006-02-14 21:45:25'),
(174, 'Fuyu', 23, '2006-02-14 21:45:25'),
(175, 'Fuzhou', 23, '2006-02-14 21:45:25'),
(176, 'Gandhinagar', 44, '2006-02-14 21:45:25'),
(177, 'Garden Grove', 103, '2006-02-14 21:45:25'),
(178, 'Garland', 103, '2006-02-14 21:45:25'),
(179, 'Gatineau', 20, '2006-02-14 21:45:25'),
(180, 'Gaziantep', 97, '2006-02-14 21:45:25'),
(181, 'Gijn', 87, '2006-02-14 21:45:25'),
(182, 'Gingoog', 75, '2006-02-14 21:45:25'),
(183, 'Goinia', 15, '2006-02-14 21:45:25'),
(184, 'Gorontalo', 45, '2006-02-14 21:45:25'),
(185, 'Grand Prairie', 103, '2006-02-14 21:45:25'),
(186, 'Graz', 9, '2006-02-14 21:45:25'),
(187, 'Greensboro', 103, '2006-02-14 21:45:25'),
(188, 'Guadalajara', 60, '2006-02-14 21:45:25'),
(189, 'Guaruj', 15, '2006-02-14 21:45:25'),
(190, 'guas Lindas de Gois', 15, '2006-02-14 21:45:25'),
(191, 'Gulbarga', 44, '2006-02-14 21:45:25'),
(192, 'Hagonoy', 75, '2006-02-14 21:45:25'),
(193, 'Haining', 23, '2006-02-14 21:45:25'),
(194, 'Haiphong', 105, '2006-02-14 21:45:25'),
(195, 'Haldia', 44, '2006-02-14 21:45:25'),
(196, 'Halifax', 20, '2006-02-14 21:45:25'),
(197, 'Halisahar', 44, '2006-02-14 21:45:25'),
(198, 'Halle/Saale', 38, '2006-02-14 21:45:25'),
(199, 'Hami', 23, '2006-02-14 21:45:25'),
(200, 'Hamilton', 68, '2006-02-14 21:45:25'),
(201, 'Hanoi', 105, '2006-02-14 21:45:25'),
(202, 'Hidalgo', 60, '2006-02-14 21:45:25'),
(203, 'Higashiosaka', 50, '2006-02-14 21:45:25'),
(204, 'Hino', 50, '2006-02-14 21:45:25'),
(205, 'Hiroshima', 50, '2006-02-14 21:45:25'),
(206, 'Hodeida', 107, '2006-02-14 21:45:25'),
(207, 'Hohhot', 23, '2006-02-14 21:45:25'),
(208, 'Hoshiarpur', 44, '2006-02-14 21:45:25'),
(209, 'Hsichuh', 92, '2006-02-14 21:45:25'),
(210, 'Huaian', 23, '2006-02-14 21:45:25'),
(211, 'Hubli-Dharwad', 44, '2006-02-14 21:45:25'),
(212, 'Huejutla de Reyes', 60, '2006-02-14 21:45:25'),
(213, 'Huixquilucan', 60, '2006-02-14 21:45:25'),
(214, 'Hunuco', 74, '2006-02-14 21:45:25'),
(215, 'Ibirit', 15, '2006-02-14 21:45:25'),
(216, 'Idfu', 29, '2006-02-14 21:45:25'),
(217, 'Ife', 69, '2006-02-14 21:45:25'),
(218, 'Ikerre', 69, '2006-02-14 21:45:25'),
(219, 'Iligan', 75, '2006-02-14 21:45:25'),
(220, 'Ilorin', 69, '2006-02-14 21:45:25'),
(221, 'Imus', 75, '2006-02-14 21:45:25'),
(222, 'Inegl', 97, '2006-02-14 21:45:25'),
(223, 'Ipoh', 59, '2006-02-14 21:45:25'),
(224, 'Isesaki', 50, '2006-02-14 21:45:25'),
(225, 'Ivanovo', 80, '2006-02-14 21:45:25'),
(226, 'Iwaki', 50, '2006-02-14 21:45:25'),
(227, 'Iwakuni', 50, '2006-02-14 21:45:25'),
(228, 'Iwatsuki', 50, '2006-02-14 21:45:25'),
(229, 'Izumisano', 50, '2006-02-14 21:45:25'),
(230, 'Jaffna', 88, '2006-02-14 21:45:25'),
(231, 'Jaipur', 44, '2006-02-14 21:45:25'),
(232, 'Jakarta', 45, '2006-02-14 21:45:25'),
(233, 'Jalib al-Shuyukh', 53, '2006-02-14 21:45:25'),
(234, 'Jamalpur', 12, '2006-02-14 21:45:25'),
(235, 'Jaroslavl', 80, '2006-02-14 21:45:25'),
(236, 'Jastrzebie-Zdrj', 76, '2006-02-14 21:45:25'),
(237, 'Jedda', 82, '2006-02-14 21:45:25'),
(238, 'Jelets', 80, '2006-02-14 21:45:25'),
(239, 'Jhansi', 44, '2006-02-14 21:45:25'),
(240, 'Jinchang', 23, '2006-02-14 21:45:25'),
(241, 'Jining', 23, '2006-02-14 21:45:25'),
(242, 'Jinzhou', 23, '2006-02-14 21:45:25'),
(243, 'Jodhpur', 44, '2006-02-14 21:45:25'),
(244, 'Johannesburg', 85, '2006-02-14 21:45:25'),
(245, 'Joliet', 103, '2006-02-14 21:45:25'),
(246, 'Jos Azueta', 60, '2006-02-14 21:45:25'),
(247, 'Juazeiro do Norte', 15, '2006-02-14 21:45:25'),
(248, 'Juiz de Fora', 15, '2006-02-14 21:45:25'),
(249, 'Junan', 23, '2006-02-14 21:45:25'),
(250, 'Jurez', 60, '2006-02-14 21:45:25'),
(251, 'Kabul', 1, '2006-02-14 21:45:25'),
(252, 'Kaduna', 69, '2006-02-14 21:45:25'),
(253, 'Kakamigahara', 50, '2006-02-14 21:45:25'),
(254, 'Kaliningrad', 80, '2006-02-14 21:45:25'),
(255, 'Kalisz', 76, '2006-02-14 21:45:25'),
(256, 'Kamakura', 50, '2006-02-14 21:45:25'),
(257, 'Kamarhati', 44, '2006-02-14 21:45:25'),
(258, 'Kamjanets-Podilskyi', 100, '2006-02-14 21:45:25'),
(259, 'Kamyin', 80, '2006-02-14 21:45:25'),
(260, 'Kanazawa', 50, '2006-02-14 21:45:25'),
(261, 'Kanchrapara', 44, '2006-02-14 21:45:25'),
(262, 'Kansas City', 103, '2006-02-14 21:45:25'),
(263, 'Karnal', 44, '2006-02-14 21:45:25'),
(264, 'Katihar', 44, '2006-02-14 21:45:25'),
(265, 'Kermanshah', 46, '2006-02-14 21:45:25'),
(266, 'Kilis', 97, '2006-02-14 21:45:25'),
(267, 'Kimberley', 85, '2006-02-14 21:45:25'),
(268, 'Kimchon', 86, '2006-02-14 21:45:25'),
(269, 'Kingstown', 81, '2006-02-14 21:45:25'),
(270, 'Kirovo-Tepetsk', 80, '2006-02-14 21:45:25'),
(271, 'Kisumu', 52, '2006-02-14 21:45:25'),
(272, 'Kitwe', 109, '2006-02-14 21:45:25'),
(273, 'Klerksdorp', 85, '2006-02-14 21:45:25'),
(274, 'Kolpino', 80, '2006-02-14 21:45:25'),
(275, 'Konotop', 100, '2006-02-14 21:45:25'),
(276, 'Koriyama', 50, '2006-02-14 21:45:25'),
(277, 'Korla', 23, '2006-02-14 21:45:25'),
(278, 'Korolev', 80, '2006-02-14 21:45:25'),
(279, 'Kowloon and New Kowloon', 42, '2006-02-14 21:45:25'),
(280, 'Kragujevac', 108, '2006-02-14 21:45:25'),
(281, 'Ktahya', 97, '2006-02-14 21:45:25'),
(282, 'Kuching', 59, '2006-02-14 21:45:25'),
(283, 'Kumbakonam', 44, '2006-02-14 21:45:25'),
(284, 'Kurashiki', 50, '2006-02-14 21:45:25'),
(285, 'Kurgan', 80, '2006-02-14 21:45:25'),
(286, 'Kursk', 80, '2006-02-14 21:45:25'),
(287, 'Kuwana', 50, '2006-02-14 21:45:25'),
(288, 'La Paz', 60, '2006-02-14 21:45:25'),
(289, 'La Plata', 6, '2006-02-14 21:45:25'),
(290, 'La Romana', 27, '2006-02-14 21:45:25'),
(291, 'Laiwu', 23, '2006-02-14 21:45:25'),
(292, 'Lancaster', 103, '2006-02-14 21:45:25'),
(293, 'Laohekou', 23, '2006-02-14 21:45:25'),
(294, 'Lapu-Lapu', 75, '2006-02-14 21:45:25'),
(295, 'Laredo', 103, '2006-02-14 21:45:25'),
(296, 'Lausanne', 91, '2006-02-14 21:45:25'),
(297, 'Le Mans', 34, '2006-02-14 21:45:25'),
(298, 'Lengshuijiang', 23, '2006-02-14 21:45:25'),
(299, 'Leshan', 23, '2006-02-14 21:45:25'),
(300, 'Lethbridge', 20, '2006-02-14 21:45:25'),
(301, 'Lhokseumawe', 45, '2006-02-14 21:45:25'),
(302, 'Liaocheng', 23, '2006-02-14 21:45:25'),
(303, 'Liepaja', 54, '2006-02-14 21:45:25'),
(304, 'Lilongwe', 58, '2006-02-14 21:45:25'),
(305, 'Lima', 74, '2006-02-14 21:45:25'),
(306, 'Lincoln', 103, '2006-02-14 21:45:25'),
(307, 'Linz', 9, '2006-02-14 21:45:25'),
(308, 'Lipetsk', 80, '2006-02-14 21:45:25'),
(309, 'Livorno', 49, '2006-02-14 21:45:25'),
(310, 'Ljubertsy', 80, '2006-02-14 21:45:25'),
(311, 'Loja', 28, '2006-02-14 21:45:25'),
(312, 'London', 102, '2006-02-14 21:45:25'),
(313, 'London', 20, '2006-02-14 21:45:25'),
(314, 'Lublin', 76, '2006-02-14 21:45:25'),
(315, 'Lubumbashi', 25, '2006-02-14 21:45:25'),
(316, 'Lungtan', 92, '2006-02-14 21:45:25'),
(317, 'Luzinia', 15, '2006-02-14 21:45:25'),
(318, 'Madiun', 45, '2006-02-14 21:45:25'),
(319, 'Mahajanga', 57, '2006-02-14 21:45:25'),
(320, 'Maikop', 80, '2006-02-14 21:45:25'),
(321, 'Malm', 90, '2006-02-14 21:45:25'),
(322, 'Manchester', 103, '2006-02-14 21:45:25'),
(323, 'Mandaluyong', 75, '2006-02-14 21:45:25'),
(324, 'Mandi Bahauddin', 72, '2006-02-14 21:45:25'),
(325, 'Mannheim', 38, '2006-02-14 21:45:25'),
(326, 'Maracabo', 104, '2006-02-14 21:45:25'),
(327, 'Mardan', 72, '2006-02-14 21:45:25'),
(328, 'Maring', 15, '2006-02-14 21:45:25'),
(329, 'Masqat', 71, '2006-02-14 21:45:25'),
(330, 'Matamoros', 60, '2006-02-14 21:45:25'),
(331, 'Matsue', 50, '2006-02-14 21:45:25'),
(332, 'Meixian', 23, '2006-02-14 21:45:25'),
(333, 'Memphis', 103, '2006-02-14 21:45:25'),
(334, 'Merlo', 6, '2006-02-14 21:45:25'),
(335, 'Mexicali', 60, '2006-02-14 21:45:25'),
(336, 'Miraj', 44, '2006-02-14 21:45:25'),
(337, 'Mit Ghamr', 29, '2006-02-14 21:45:25'),
(338, 'Miyakonojo', 50, '2006-02-14 21:45:25'),
(339, 'Mogiljov', 13, '2006-02-14 21:45:25'),
(340, 'Molodetno', 13, '2006-02-14 21:45:25'),
(341, 'Monclova', 60, '2006-02-14 21:45:25'),
(342, 'Monywa', 64, '2006-02-14 21:45:25'),
(343, 'Moscow', 80, '2006-02-14 21:45:25'),
(344, 'Mosul', 47, '2006-02-14 21:45:25'),
(345, 'Mukateve', 100, '2006-02-14 21:45:25'),
(346, 'Munger (Monghyr)', 44, '2006-02-14 21:45:25'),
(347, 'Mwanza', 93, '2006-02-14 21:45:25'),
(348, 'Mwene-Ditu', 25, '2006-02-14 21:45:25'),
(349, 'Myingyan', 64, '2006-02-14 21:45:25'),
(350, 'Mysore', 44, '2006-02-14 21:45:25'),
(351, 'Naala-Porto', 63, '2006-02-14 21:45:25'),
(352, 'Nabereznyje Telny', 80, '2006-02-14 21:45:25'),
(353, 'Nador', 62, '2006-02-14 21:45:25'),
(354, 'Nagaon', 44, '2006-02-14 21:45:25'),
(355, 'Nagareyama', 50, '2006-02-14 21:45:25'),
(356, 'Najafabad', 46, '2006-02-14 21:45:25'),
(357, 'Naju', 86, '2006-02-14 21:45:25'),
(358, 'Nakhon Sawan', 94, '2006-02-14 21:45:25'),
(359, 'Nam Dinh', 105, '2006-02-14 21:45:25'),
(360, 'Namibe', 4, '2006-02-14 21:45:25'),
(361, 'Nantou', 92, '2006-02-14 21:45:25'),
(362, 'Nanyang', 23, '2006-02-14 21:45:25'),
(363, 'NDjamna', 21, '2006-02-14 21:45:25'),
(364, 'Newcastle', 85, '2006-02-14 21:45:25'),
(365, 'Nezahualcyotl', 60, '2006-02-14 21:45:25'),
(366, 'Nha Trang', 105, '2006-02-14 21:45:25'),
(367, 'Niznekamsk', 80, '2006-02-14 21:45:25'),
(368, 'Novi Sad', 108, '2006-02-14 21:45:25'),
(369, 'Novoterkassk', 80, '2006-02-14 21:45:25'),
(370, 'Nukualofa', 95, '2006-02-14 21:45:25'),
(371, 'Nuuk', 40, '2006-02-14 21:45:25'),
(372, 'Nyeri', 52, '2006-02-14 21:45:25'),
(373, 'Ocumare del Tuy', 104, '2006-02-14 21:45:25'),
(374, 'Ogbomosho', 69, '2006-02-14 21:45:25'),
(375, 'Okara', 72, '2006-02-14 21:45:25'),
(376, 'Okayama', 50, '2006-02-14 21:45:25'),
(377, 'Okinawa', 50, '2006-02-14 21:45:25'),
(378, 'Olomouc', 26, '2006-02-14 21:45:25'),
(379, 'Omdurman', 89, '2006-02-14 21:45:25'),
(380, 'Omiya', 50, '2006-02-14 21:45:25'),
(381, 'Ondo', 69, '2006-02-14 21:45:25'),
(382, 'Onomichi', 50, '2006-02-14 21:45:25'),
(383, 'Oshawa', 20, '2006-02-14 21:45:25'),
(384, 'Osmaniye', 97, '2006-02-14 21:45:25'),
(385, 'ostka', 100, '2006-02-14 21:45:25'),
(386, 'Otsu', 50, '2006-02-14 21:45:25'),
(387, 'Oulu', 33, '2006-02-14 21:45:25'),
(388, 'Ourense (Orense)', 87, '2006-02-14 21:45:25'),
(389, 'Owo', 69, '2006-02-14 21:45:25'),
(390, 'Oyo', 69, '2006-02-14 21:45:25'),
(391, 'Ozamis', 75, '2006-02-14 21:45:25'),
(392, 'Paarl', 85, '2006-02-14 21:45:25'),
(393, 'Pachuca de Soto', 60, '2006-02-14 21:45:25'),
(394, 'Pak Kret', 94, '2006-02-14 21:45:25'),
(395, 'Palghat (Palakkad)', 44, '2006-02-14 21:45:25'),
(396, 'Pangkal Pinang', 45, '2006-02-14 21:45:25'),
(397, 'Papeete', 36, '2006-02-14 21:45:25'),
(398, 'Parbhani', 44, '2006-02-14 21:45:25'),
(399, 'Pathankot', 44, '2006-02-14 21:45:25'),
(400, 'Patiala', 44, '2006-02-14 21:45:25'),
(401, 'Patras', 39, '2006-02-14 21:45:25'),
(402, 'Pavlodar', 51, '2006-02-14 21:45:25'),
(403, 'Pemalang', 45, '2006-02-14 21:45:25'),
(404, 'Peoria', 103, '2006-02-14 21:45:25'),
(405, 'Pereira', 24, '2006-02-14 21:45:25'),
(406, 'Phnom Penh', 18, '2006-02-14 21:45:25'),
(407, 'Pingxiang', 23, '2006-02-14 21:45:25'),
(408, 'Pjatigorsk', 80, '2006-02-14 21:45:25'),
(409, 'Plock', 76, '2006-02-14 21:45:25'),
(410, 'Po', 15, '2006-02-14 21:45:25'),
(411, 'Ponce', 77, '2006-02-14 21:45:25'),
(412, 'Pontianak', 45, '2006-02-14 21:45:25'),
(413, 'Poos de Caldas', 15, '2006-02-14 21:45:25'),
(414, 'Portoviejo', 28, '2006-02-14 21:45:25'),
(415, 'Probolinggo', 45, '2006-02-14 21:45:25'),
(416, 'Pudukkottai', 44, '2006-02-14 21:45:25'),
(417, 'Pune', 44, '2006-02-14 21:45:25'),
(418, 'Purnea (Purnia)', 44, '2006-02-14 21:45:25'),
(419, 'Purwakarta', 45, '2006-02-14 21:45:25'),
(420, 'Pyongyang', 70, '2006-02-14 21:45:25'),
(421, 'Qalyub', 29, '2006-02-14 21:45:25'),
(422, 'Qinhuangdao', 23, '2006-02-14 21:45:25'),
(423, 'Qomsheh', 46, '2006-02-14 21:45:25'),
(424, 'Quilmes', 6, '2006-02-14 21:45:25'),
(425, 'Rae Bareli', 44, '2006-02-14 21:45:25'),
(426, 'Rajkot', 44, '2006-02-14 21:45:25'),
(427, 'Rampur', 44, '2006-02-14 21:45:25'),
(428, 'Rancagua', 22, '2006-02-14 21:45:25'),
(429, 'Ranchi', 44, '2006-02-14 21:45:25'),
(430, 'Richmond Hill', 20, '2006-02-14 21:45:25'),
(431, 'Rio Claro', 15, '2006-02-14 21:45:25'),
(432, 'Rizhao', 23, '2006-02-14 21:45:25'),
(433, 'Roanoke', 103, '2006-02-14 21:45:25'),
(434, 'Robamba', 28, '2006-02-14 21:45:25'),
(435, 'Rockford', 103, '2006-02-14 21:45:25'),
(436, 'Ruse', 17, '2006-02-14 21:45:25'),
(437, 'Rustenburg', 85, '2006-02-14 21:45:25'),
(438, 's-Hertogenbosch', 67, '2006-02-14 21:45:25'),
(439, 'Saarbrcken', 38, '2006-02-14 21:45:25'),
(440, 'Sagamihara', 50, '2006-02-14 21:45:25'),
(441, 'Saint Louis', 103, '2006-02-14 21:45:25'),
(442, 'Saint-Denis', 79, '2006-02-14 21:45:25'),
(443, 'Sal', 62, '2006-02-14 21:45:25'),
(444, 'Salala', 71, '2006-02-14 21:45:25'),
(445, 'Salamanca', 60, '2006-02-14 21:45:25'),
(446, 'Salinas', 103, '2006-02-14 21:45:25'),
(447, 'Salzburg', 9, '2006-02-14 21:45:25'),
(448, 'Sambhal', 44, '2006-02-14 21:45:25'),
(449, 'San Bernardino', 103, '2006-02-14 21:45:25'),
(450, 'San Felipe de Puerto Plata', 27, '2006-02-14 21:45:25'),
(451, 'San Felipe del Progreso', 60, '2006-02-14 21:45:25'),
(452, 'San Juan Bautista Tuxtepec', 60, '2006-02-14 21:45:25'),
(453, 'San Lorenzo', 73, '2006-02-14 21:45:25'),
(454, 'San Miguel de Tucumn', 6, '2006-02-14 21:45:25'),
(455, 'Sanaa', 107, '2006-02-14 21:45:25'),
(456, 'Santa Brbara dOeste', 15, '2006-02-14 21:45:25'),
(457, 'Santa F', 6, '2006-02-14 21:45:25'),
(458, 'Santa Rosa', 75, '2006-02-14 21:45:25'),
(459, 'Santiago de Compostela', 87, '2006-02-14 21:45:25'),
(460, 'Santiago de los Caballeros', 27, '2006-02-14 21:45:25'),
(461, 'Santo Andr', 15, '2006-02-14 21:45:25'),
(462, 'Sanya', 23, '2006-02-14 21:45:25'),
(463, 'Sasebo', 50, '2006-02-14 21:45:25'),
(464, 'Satna', 44, '2006-02-14 21:45:25'),
(465, 'Sawhaj', 29, '2006-02-14 21:45:25'),
(466, 'Serpuhov', 80, '2006-02-14 21:45:25'),
(467, 'Shahr-e Kord', 46, '2006-02-14 21:45:25'),
(468, 'Shanwei', 23, '2006-02-14 21:45:25'),
(469, 'Shaoguan', 23, '2006-02-14 21:45:25'),
(470, 'Sharja', 101, '2006-02-14 21:45:25'),
(471, 'Shenzhen', 23, '2006-02-14 21:45:25'),
(472, 'Shikarpur', 72, '2006-02-14 21:45:25'),
(473, 'Shimoga', 44, '2006-02-14 21:45:25'),
(474, 'Shimonoseki', 50, '2006-02-14 21:45:25'),
(475, 'Shivapuri', 44, '2006-02-14 21:45:25'),
(476, 'Shubra al-Khayma', 29, '2006-02-14 21:45:25'),
(477, 'Siegen', 38, '2006-02-14 21:45:25'),
(478, 'Siliguri (Shiliguri)', 44, '2006-02-14 21:45:25'),
(479, 'Simferopol', 100, '2006-02-14 21:45:25'),
(480, 'Sincelejo', 24, '2006-02-14 21:45:25'),
(481, 'Sirjan', 46, '2006-02-14 21:45:25'),
(482, 'Sivas', 97, '2006-02-14 21:45:25'),
(483, 'Skikda', 2, '2006-02-14 21:45:25'),
(484, 'Smolensk', 80, '2006-02-14 21:45:25'),
(485, 'So Bernardo do Campo', 15, '2006-02-14 21:45:25'),
(486, 'So Leopoldo', 15, '2006-02-14 21:45:25'),
(487, 'Sogamoso', 24, '2006-02-14 21:45:25'),
(488, 'Sokoto', 69, '2006-02-14 21:45:25'),
(489, 'Songkhla', 94, '2006-02-14 21:45:25'),
(490, 'Sorocaba', 15, '2006-02-14 21:45:25'),
(491, 'Soshanguve', 85, '2006-02-14 21:45:25'),
(492, 'Sousse', 96, '2006-02-14 21:45:25'),
(493, 'South Hill', 5, '2006-02-14 21:45:25'),
(494, 'Southampton', 102, '2006-02-14 21:45:25'),
(495, 'Southend-on-Sea', 102, '2006-02-14 21:45:25'),
(496, 'Southport', 102, '2006-02-14 21:45:25'),
(497, 'Springs', 85, '2006-02-14 21:45:25'),
(498, 'Stara Zagora', 17, '2006-02-14 21:45:25'),
(499, 'Sterling Heights', 103, '2006-02-14 21:45:25'),
(500, 'Stockport', 102, '2006-02-14 21:45:25'),
(501, 'Sucre', 14, '2006-02-14 21:45:25'),
(502, 'Suihua', 23, '2006-02-14 21:45:25'),
(503, 'Sullana', 74, '2006-02-14 21:45:25'),
(504, 'Sultanbeyli', 97, '2006-02-14 21:45:25'),
(505, 'Sumqayit', 10, '2006-02-14 21:45:25'),
(506, 'Sumy', 100, '2006-02-14 21:45:25'),
(507, 'Sungai Petani', 59, '2006-02-14 21:45:25'),
(508, 'Sunnyvale', 103, '2006-02-14 21:45:25'),
(509, 'Surakarta', 45, '2006-02-14 21:45:25'),
(510, 'Syktyvkar', 80, '2006-02-14 21:45:25'),
(511, 'Syrakusa', 49, '2006-02-14 21:45:25'),
(512, 'Szkesfehrvr', 43, '2006-02-14 21:45:25'),
(513, 'Tabora', 93, '2006-02-14 21:45:25'),
(514, 'Tabriz', 46, '2006-02-14 21:45:25'),
(515, 'Tabuk', 82, '2006-02-14 21:45:25'),
(516, 'Tafuna', 3, '2006-02-14 21:45:25'),
(517, 'Taguig', 75, '2006-02-14 21:45:25'),
(518, 'Taizz', 107, '2006-02-14 21:45:25'),
(519, 'Talavera', 75, '2006-02-14 21:45:25'),
(520, 'Tallahassee', 103, '2006-02-14 21:45:25'),
(521, 'Tama', 50, '2006-02-14 21:45:25'),
(522, 'Tambaram', 44, '2006-02-14 21:45:25'),
(523, 'Tanauan', 75, '2006-02-14 21:45:25'),
(524, 'Tandil', 6, '2006-02-14 21:45:25'),
(525, 'Tangail', 12, '2006-02-14 21:45:25'),
(526, 'Tanshui', 92, '2006-02-14 21:45:25'),
(527, 'Tanza', 75, '2006-02-14 21:45:25'),
(528, 'Tarlac', 75, '2006-02-14 21:45:25'),
(529, 'Tarsus', 97, '2006-02-14 21:45:25'),
(530, 'Tartu', 30, '2006-02-14 21:45:25'),
(531, 'Teboksary', 80, '2006-02-14 21:45:25'),
(532, 'Tegal', 45, '2006-02-14 21:45:25'),
(533, 'Tel Aviv-Jaffa', 48, '2006-02-14 21:45:25'),
(534, 'Tete', 63, '2006-02-14 21:45:25'),
(535, 'Tianjin', 23, '2006-02-14 21:45:25'),
(536, 'Tiefa', 23, '2006-02-14 21:45:25'),
(537, 'Tieli', 23, '2006-02-14 21:45:25'),
(538, 'Tokat', 97, '2006-02-14 21:45:25'),
(539, 'Tonghae', 86, '2006-02-14 21:45:25'),
(540, 'Tongliao', 23, '2006-02-14 21:45:25'),
(541, 'Torren', 60, '2006-02-14 21:45:25'),
(542, 'Touliu', 92, '2006-02-14 21:45:25'),
(543, 'Toulon', 34, '2006-02-14 21:45:25'),
(544, 'Toulouse', 34, '2006-02-14 21:45:25'),
(545, 'Trshavn', 32, '2006-02-14 21:45:25'),
(546, 'Tsaotun', 92, '2006-02-14 21:45:25'),
(547, 'Tsuyama', 50, '2006-02-14 21:45:25'),
(548, 'Tuguegarao', 75, '2006-02-14 21:45:25'),
(549, 'Tychy', 76, '2006-02-14 21:45:25'),
(550, 'Udaipur', 44, '2006-02-14 21:45:25'),
(551, 'Udine', 49, '2006-02-14 21:45:25'),
(552, 'Ueda', 50, '2006-02-14 21:45:25'),
(553, 'Uijongbu', 86, '2006-02-14 21:45:25'),
(554, 'Uluberia', 44, '2006-02-14 21:45:25'),
(555, 'Urawa', 50, '2006-02-14 21:45:25'),
(556, 'Uruapan', 60, '2006-02-14 21:45:25'),
(557, 'Usak', 97, '2006-02-14 21:45:25'),
(558, 'Usolje-Sibirskoje', 80, '2006-02-14 21:45:25'),
(559, 'Uttarpara-Kotrung', 44, '2006-02-14 21:45:25'),
(560, 'Vaduz', 55, '2006-02-14 21:45:25'),
(561, 'Valencia', 104, '2006-02-14 21:45:25'),
(562, 'Valle de la Pascua', 104, '2006-02-14 21:45:25'),
(563, 'Valle de Santiago', 60, '2006-02-14 21:45:25'),
(564, 'Valparai', 44, '2006-02-14 21:45:25'),
(565, 'Vancouver', 20, '2006-02-14 21:45:25'),
(566, 'Varanasi (Benares)', 44, '2006-02-14 21:45:25'),
(567, 'Vicente Lpez', 6, '2006-02-14 21:45:25'),
(568, 'Vijayawada', 44, '2006-02-14 21:45:25'),
(569, 'Vila Velha', 15, '2006-02-14 21:45:25'),
(570, 'Vilnius', 56, '2006-02-14 21:45:25'),
(571, 'Vinh', 105, '2006-02-14 21:45:25'),
(572, 'Vitria de Santo Anto', 15, '2006-02-14 21:45:25'),
(573, 'Warren', 103, '2006-02-14 21:45:25'),
(574, 'Weifang', 23, '2006-02-14 21:45:25'),
(575, 'Witten', 38, '2006-02-14 21:45:25'),
(576, 'Woodridge', 8, '2006-02-14 21:45:25'),
(577, 'Wroclaw', 76, '2006-02-14 21:45:25'),
(578, 'Xiangfan', 23, '2006-02-14 21:45:25'),
(579, 'Xiangtan', 23, '2006-02-14 21:45:25'),
(580, 'Xintai', 23, '2006-02-14 21:45:25'),
(581, 'Xinxiang', 23, '2006-02-14 21:45:25'),
(582, 'Yamuna Nagar', 44, '2006-02-14 21:45:25'),
(583, 'Yangor', 65, '2006-02-14 21:45:25'),
(584, 'Yantai', 23, '2006-02-14 21:45:25'),
(585, 'Yaound', 19, '2006-02-14 21:45:25'),
(586, 'Yerevan', 7, '2006-02-14 21:45:25'),
(587, 'Yinchuan', 23, '2006-02-14 21:45:25'),
(588, 'Yingkou', 23, '2006-02-14 21:45:25'),
(589, 'York', 102, '2006-02-14 21:45:25'),
(590, 'Yuncheng', 23, '2006-02-14 21:45:25'),
(591, 'Yuzhou', 23, '2006-02-14 21:45:25'),
(592, 'Zalantun', 23, '2006-02-14 21:45:25'),
(593, 'Zanzibar', 93, '2006-02-14 21:45:25'),
(594, 'Zaoyang', 23, '2006-02-14 21:45:25'),
(595, 'Zapopan', 60, '2006-02-14 21:45:25'),
(596, 'Zaria', 69, '2006-02-14 21:45:25'),
(597, 'Zeleznogorsk', 80, '2006-02-14 21:45:25'),
(598, 'Zhezqazghan', 51, '2006-02-14 21:45:25'),
(599, 'Zhoushan', 23, '2006-02-14 21:45:25'),
(600, 'Ziguinchor', 83, '2006-02-14 21:45:25');

-- --------------------------------------------------------

--
-- Cấu trúc bảng cho bảng `country`
--

DROP TABLE IF EXISTS `country`;
CREATE TABLE IF NOT EXISTS `country` (
  `country_id` smallint(6) NOT NULL AUTO_INCREMENT,
  `country` varchar(50) NOT NULL,
  `last_update` timestamp NOT NULL DEFAULT current_timestamp() ON UPDATE current_timestamp(),
  PRIMARY KEY (`country_id`)
) ENGINE=InnoDB AUTO_INCREMENT=110 DEFAULT CHARSET=utf8mb4 COLLATE=utf8mb4_unicode_ci;

--
-- Đang đổ dữ liệu cho bảng `country`
--

INSERT INTO `country` (`country_id`, `country`, `last_update`) VALUES
(1, 'Afghanistan', '2006-02-14 21:44:00'),
(2, 'Algeria', '2006-02-14 21:44:00'),
(3, 'American Samoa', '2006-02-14 21:44:00'),
(4, 'Angola', '2006-02-14 21:44:00'),
(5, 'Anguilla', '2006-02-14 21:44:00'),
(6, 'Argentina', '2006-02-14 21:44:00'),
(7, 'Armenia', '2006-02-14 21:44:00'),
(8, 'Australia', '2006-02-14 21:44:00'),
(9, 'Austria', '2006-02-14 21:44:00'),
(10, 'Azerbaijan', '2006-02-14 21:44:00'),
(11, 'Bahrain', '2006-02-14 21:44:00'),
(12, 'Bangladesh', '2006-02-14 21:44:00'),
(13, 'Belarus', '2006-02-14 21:44:00'),
(14, 'Bolivia', '2006-02-14 21:44:00'),
(15, 'Brazil', '2006-02-14 21:44:00'),
(16, 'Brunei', '2006-02-14 21:44:00'),
(17, 'Bulgaria', '2006-02-14 21:44:00'),
(18, 'Cambodia', '2006-02-14 21:44:00'),
(19, 'Cameroon', '2006-02-14 21:44:00'),
(20, 'Canada', '2006-02-14 21:44:00'),
(21, 'Chad', '2006-02-14 21:44:00'),
(22, 'Chile', '2006-02-14 21:44:00'),
(23, 'China', '2006-02-14 21:44:00'),
(24, 'Colombia', '2006-02-14 21:44:00'),
(25, 'Congo, The Democratic Republic of the', '2006-02-14 21:44:00'),
(26, 'Czech Republic', '2006-02-14 21:44:00'),
(27, 'Dominican Republic', '2006-02-14 21:44:00'),
(28, 'Ecuador', '2006-02-14 21:44:00'),
(29, 'Egypt', '2006-02-14 21:44:00'),
(30, 'Estonia', '2006-02-14 21:44:00'),
(31, 'Ethiopia', '2006-02-14 21:44:00'),
(32, 'Faroe Islands', '2006-02-14 21:44:00'),
(33, 'Finland', '2006-02-14 21:44:00'),
(34, 'France', '2006-02-14 21:44:00'),
(35, 'French Guiana', '2006-02-14 21:44:00'),
(36, 'French Polynesia', '2006-02-14 21:44:00'),
(37, 'Gambia', '2006-02-14 21:44:00'),
(38, 'Germany', '2006-02-14 21:44:00'),
(39, 'Greece', '2006-02-14 21:44:00'),
(40, 'Greenland', '2006-02-14 21:44:00'),
(41, 'Holy See (Vatican City State)', '2006-02-14 21:44:00'),
(42, 'Hong Kong', '2006-02-14 21:44:00'),
(43, 'Hungary', '2006-02-14 21:44:00'),
(44, 'India', '2006-02-14 21:44:00'),
(45, 'Indonesia', '2006-02-14 21:44:00'),
(46, 'Iran', '2006-02-14 21:44:00'),
(47, 'Iraq', '2006-02-14 21:44:00'),
(48, 'Israel', '2006-02-14 21:44:00'),
(49, 'Italy', '2006-02-14 21:44:00'),
(50, 'Japan', '2006-02-14 21:44:00'),
(51, 'Kazakstan', '2006-02-14 21:44:00'),
(52, 'Kenya', '2006-02-14 21:44:00'),
(53, 'Kuwait', '2006-02-14 21:44:00'),
(54, 'Latvia', '2006-02-14 21:44:00'),
(55, 'Liechtenstein', '2006-02-14 21:44:00'),
(56, 'Lithuania', '2006-02-14 21:44:00'),
(57, 'Madagascar', '2006-02-14 21:44:00'),
(58, 'Malawi', '2006-02-14 21:44:00'),
(59, 'Malaysia', '2006-02-14 21:44:00'),
(60, 'Mexico', '2006-02-14 21:44:00'),
(61, 'Moldova', '2006-02-14 21:44:00'),
(62, 'Morocco', '2006-02-14 21:44:00'),
(63, 'Mozambique', '2006-02-14 21:44:00'),
(64, 'Myanmar', '2006-02-14 21:44:00'),
(65, 'Nauru', '2006-02-14 21:44:00'),
(66, 'Nepal', '2006-02-14 21:44:00'),
(67, 'Netherlands', '2006-02-14 21:44:00'),
(68, 'New Zealand', '2006-02-14 21:44:00'),
(69, 'Nigeria', '2006-02-14 21:44:00'),
(70, 'North Korea', '2006-02-14 21:44:00'),
(71, 'Oman', '2006-02-14 21:44:00'),
(72, 'Pakistan', '2006-02-14 21:44:00'),
(73, 'Paraguay', '2006-02-14 21:44:00'),
(74, 'Peru', '2006-02-14 21:44:00'),
(75, 'Philippines', '2006-02-14 21:44:00'),
(76, 'Poland', '2006-02-14 21:44:00'),
(77, 'Puerto Rico', '2006-02-14 21:44:00'),
(78, 'Romania', '2006-02-14 21:44:00'),
(79, 'Runion', '2006-02-14 21:44:00'),
(80, 'Russian Federation', '2006-02-14 21:44:00'),
(81, 'Saint Vincent and the Grenadines', '2006-02-14 21:44:00'),
(82, 'Saudi Arabia', '2006-02-14 21:44:00'),
(83, 'Senegal', '2006-02-14 21:44:00'),
(84, 'Slovakia', '2006-02-14 21:44:00'),
(85, 'South Africa', '2006-02-14 21:44:00'),
(86, 'South Korea', '2006-02-14 21:44:00'),
(87, 'Spain', '2006-02-14 21:44:00'),
(88, 'Sri Lanka', '2006-02-14 21:44:00'),
(89, 'Sudan', '2006-02-14 21:44:00'),
(90, 'Sweden', '2006-02-14 21:44:00'),
(91, 'Switzerland', '2006-02-14 21:44:00'),
(92, 'Taiwan', '2006-02-14 21:44:00'),
(93, 'Tanzania', '2006-02-14 21:44:00'),
(94, 'Thailand', '2006-02-14 21:44:00'),
(95, 'Tonga', '2006-02-14 21:44:00'),
(96, 'Tunisia', '2006-02-14 21:44:00'),
(97, 'Turkey', '2006-02-14 21:44:00'),
(98, 'Turkmenistan', '2006-02-14 21:44:00'),
(99, 'Tuvalu', '2006-02-14 21:44:00'),
(100, 'Ukraine', '2006-02-14 21:44:00'),
(101, 'United Arab Emirates', '2006-02-14 21:44:00'),
(102, 'United Kingdom', '2006-02-14 21:44:00'),
(103, 'United States', '2006-02-14 21:44:00'),
(104, 'Venezuela', '2006-02-14 21:44:00'),
(105, 'Vietnam', '2006-02-14 21:44:00'),
(106, 'Virgin Islands, U.S.', '2006-02-14 21:44:00'),
(107, 'Yemen', '2006-02-14 21:44:00'),
(108, 'Yugoslavia', '2006-02-14 21:44:00'),
(109, 'Zambia', '2006-02-14 21:44:00');

-- --------------------------------------------------------

--
-- Cấu trúc bảng cho bảng `customer`
--

DROP TABLE IF EXISTS `customer`;
CREATE TABLE IF NOT EXISTS `customer` (
  `customer_id` smallint(6) NOT NULL AUTO_INCREMENT,
  `store_id` tinyint(4) NOT NULL,
  `first_name` varchar(45) NOT NULL,
  `last_name` varchar(45) NOT NULL,
  `email` varchar(50) DEFAULT NULL,
  `address_id` smallint(6) NOT NULL,
  `active` tinyint(1) NOT NULL DEFAULT 1,
  `create_date` datetime NOT NULL,
  `last_update` timestamp NULL DEFAULT current_timestamp() ON UPDATE current_timestamp(),
  PRIMARY KEY (`customer_id`),
  KEY `idx_address_id` (`address_id`),
  KEY `idx_store_id` (`store_id`)
) ENGINE=InnoDB AUTO_INCREMENT=600 DEFAULT CHARSET=utf8mb4 COLLATE=utf8mb4_unicode_ci;

--
-- Đang đổ dữ liệu cho bảng `customer`
--

INSERT INTO `customer` (`customer_id`, `store_id`, `first_name`, `last_name`, `email`, `address_id`, `active`, `create_date`, `last_update`) VALUES
(1, 1, 'MARY', 'SMITH', 'MARY.SMITH@sakilacustomer.org', 5, 1, '2006-02-14 22:04:36', '2006-02-14 21:57:20'),
(2, 1, 'PATRICIA', 'JOHNSON', 'PATRICIA.JOHNSON@sakilacustomer.org', 6, 1, '2006-02-14 22:04:36', '2006-02-14 21:57:20'),
(3, 1, 'LINDA', 'WILLIAMS', 'LINDA.WILLIAMS@sakilacustomer.org', 7, 1, '2006-02-14 22:04:36', '2006-02-14 21:57:20'),
(4, 2, 'BARBARA', 'JONES', 'BARBARA.JONES@sakilacustomer.org', 8, 1, '2006-02-14 22:04:36', '2006-02-14 21:57:20'),
(5, 1, 'ELIZABETH', 'BROWN', 'ELIZABETH.BROWN@sakilacustomer.org', 9, 1, '2006-02-14 22:04:36', '2006-02-14 21:57:20'),
(6, 2, 'JENNIFER', 'DAVIS', 'JENNIFER.DAVIS@sakilacustomer.org', 10, 1, '2006-02-14 22:04:36', '2006-02-14 21:57:20'),
(7, 1, 'MARIA', 'MILLER', 'MARIA.MILLER@sakilacustomer.org', 11, 1, '2006-02-14 22:04:36', '2006-02-14 21:57:20'),
(8, 2, 'SUSAN', 'WILSON', 'SUSAN.WILSON@sakilacustomer.org', 12, 1, '2006-02-14 22:04:36', '2006-02-14 21:57:20'),
(9, 2, 'MARGARET', 'MOORE', 'MARGARET.MOORE@sakilacustomer.org', 13, 1, '2006-02-14 22:04:36', '2006-02-14 21:57:20'),
(10, 1, 'DOROTHY', 'TAYLOR', 'DOROTHY.TAYLOR@sakilacustomer.org', 14, 1, '2006-02-14 22:04:36', '2006-02-14 21:57:20'),
(11, 2, 'LISA', 'ANDERSON', 'LISA.ANDERSON@sakilacustomer.org', 15, 1, '2006-02-14 22:04:36', '2006-02-14 21:57:20'),
(12, 1, 'NANCY', 'THOMAS', 'NANCY.THOMAS@sakilacustomer.org', 16, 1, '2006-02-14 22:04:36', '2006-02-14 21:57:20'),
(13, 2, 'KAREN', 'JACKSON', 'KAREN.JACKSON@sakilacustomer.org', 17, 1, '2006-02-14 22:04:36', '2006-02-14 21:57:20'),
(14, 2, 'BETTY', 'WHITE', 'BETTY.WHITE@sakilacustomer.org', 18, 1, '2006-02-14 22:04:36', '2006-02-14 21:57:20'),
(15, 1, 'HELEN', 'HARRIS', 'HELEN.HARRIS@sakilacustomer.org', 19, 1, '2006-02-14 22:04:36', '2006-02-14 21:57:20'),
(16, 2, 'SANDRA', 'MARTIN', 'SANDRA.MARTIN@sakilacustomer.org', 20, 0, '2006-02-14 22:04:36', '2006-02-14 21:57:20'),
(17, 1, 'DONNA', 'THOMPSON', 'DONNA.THOMPSON@sakilacustomer.org', 21, 1, '2006-02-14 22:04:36', '2006-02-14 21:57:20'),
(18, 2, 'CAROL', 'GARCIA', 'CAROL.GARCIA@sakilacustomer.org', 22, 1, '2006-02-14 22:04:36', '2006-02-14 21:57:20'),
(19, 1, 'RUTH', 'MARTINEZ', 'RUTH.MARTINEZ@sakilacustomer.org', 23, 1, '2006-02-14 22:04:36', '2006-02-14 21:57:20'),
(20, 2, 'SHARON', 'ROBINSON', 'SHARON.ROBINSON@sakilacustomer.org', 24, 1, '2006-02-14 22:04:36', '2006-02-14 21:57:20'),
(21, 1, 'MICHELLE', 'CLARK', 'MICHELLE.CLARK@sakilacustomer.org', 25, 1, '2006-02-14 22:04:36', '2006-02-14 21:57:20'),
(22, 1, 'LAURA', 'RODRIGUEZ', 'LAURA.RODRIGUEZ@sakilacustomer.org', 26, 1, '2006-02-14 22:04:36', '2006-02-14 21:57:20'),
(23, 2, 'SARAH', 'LEWIS', 'SARAH.LEWIS@sakilacustomer.org', 27, 1, '2006-02-14 22:04:36', '2006-02-14 21:57:20'),
(24, 2, 'KIMBERLY', 'LEE', 'KIMBERLY.LEE@sakilacustomer.org', 28, 1, '2006-02-14 22:04:36', '2006-02-14 21:57:20'),
(25, 1, 'DEBORAH', 'WALKER', 'DEBORAH.WALKER@sakilacustomer.org', 29, 1, '2006-02-14 22:04:36', '2006-02-14 21:57:20'),
(26, 2, 'JESSICA', 'HALL', 'JESSICA.HALL@sakilacustomer.org', 30, 1, '2006-02-14 22:04:36', '2006-02-14 21:57:20'),
(27, 2, 'SHIRLEY', 'ALLEN', 'SHIRLEY.ALLEN@sakilacustomer.org', 31, 1, '2006-02-14 22:04:36', '2006-02-14 21:57:20'),
(28, 1, 'CYNTHIA', 'YOUNG', 'CYNTHIA.YOUNG@sakilacustomer.org', 32, 1, '2006-02-14 22:04:36', '2006-02-14 21:57:20'),
(29, 2, 'ANGELA', 'HERNANDEZ', 'ANGELA.HERNANDEZ@sakilacustomer.org', 33, 1, '2006-02-14 22:04:36', '2006-02-14 21:57:20'),
(30, 1, 'MELISSA', 'KING', 'MELISSA.KING@sakilacustomer.org', 34, 1, '2006-02-14 22:04:36', '2006-02-14 21:57:20'),
(31, 2, 'BRENDA', 'WRIGHT', 'BRENDA.WRIGHT@sakilacustomer.org', 35, 1, '2006-02-14 22:04:36', '2006-02-14 21:57:20'),
(32, 1, 'AMY', 'LOPEZ', 'AMY.LOPEZ@sakilacustomer.org', 36, 1, '2006-02-14 22:04:36', '2006-02-14 21:57:20'),
(33, 2, 'ANNA', 'HILL', 'ANNA.HILL@sakilacustomer.org', 37, 1, '2006-02-14 22:04:36', '2006-02-14 21:57:20'),
(34, 2, 'REBECCA', 'SCOTT', 'REBECCA.SCOTT@sakilacustomer.org', 38, 1, '2006-02-14 22:04:36', '2006-02-14 21:57:20'),
(35, 2, 'VIRGINIA', 'GREEN', 'VIRGINIA.GREEN@sakilacustomer.org', 39, 1, '2006-02-14 22:04:36', '2006-02-14 21:57:20'),
(36, 2, 'KATHLEEN', 'ADAMS', 'KATHLEEN.ADAMS@sakilacustomer.org', 40, 1, '2006-02-14 22:04:36', '2006-02-14 21:57:20'),
(37, 1, 'PAMELA', 'BAKER', 'PAMELA.BAKER@sakilacustomer.org', 41, 1, '2006-02-14 22:04:36', '2006-02-14 21:57:20'),
(38, 1, 'MARTHA', 'GONZALEZ', 'MARTHA.GONZALEZ@sakilacustomer.org', 42, 1, '2006-02-14 22:04:36', '2006-02-14 21:57:20'),
(39, 1, 'DEBRA', 'NELSON', 'DEBRA.NELSON@sakilacustomer.org', 43, 1, '2006-02-14 22:04:36', '2006-02-14 21:57:20'),
(40, 2, 'AMANDA', 'CARTER', 'AMANDA.CARTER@sakilacustomer.org', 44, 1, '2006-02-14 22:04:36', '2006-02-14 21:57:20'),
(41, 1, 'STEPHANIE', 'MITCHELL', 'STEPHANIE.MITCHELL@sakilacustomer.org', 45, 1, '2006-02-14 22:04:36', '2006-02-14 21:57:20'),
(42, 2, 'CAROLYN', 'PEREZ', 'CAROLYN.PEREZ@sakilacustomer.org', 46, 1, '2006-02-14 22:04:36', '2006-02-14 21:57:20'),
(43, 2, 'CHRISTINE', 'ROBERTS', 'CHRISTINE.ROBERTS@sakilacustomer.org', 47, 1, '2006-02-14 22:04:36', '2006-02-14 21:57:20'),
(44, 1, 'MARIE', 'TURNER', 'MARIE.TURNER@sakilacustomer.org', 48, 1, '2006-02-14 22:04:36', '2006-02-14 21:57:20'),
(45, 1, 'JANET', 'PHILLIPS', 'JANET.PHILLIPS@sakilacustomer.org', 49, 1, '2006-02-14 22:04:36', '2006-02-14 21:57:20'),
(46, 2, 'CATHERINE', 'CAMPBELL', 'CATHERINE.CAMPBELL@sakilacustomer.org', 50, 1, '2006-02-14 22:04:36', '2006-02-14 21:57:20'),
(47, 1, 'FRANCES', 'PARKER', 'FRANCES.PARKER@sakilacustomer.org', 51, 1, '2006-02-14 22:04:36', '2006-02-14 21:57:20'),
(48, 1, 'ANN', 'EVANS', 'ANN.EVANS@sakilacustomer.org', 52, 1, '2006-02-14 22:04:36', '2006-02-14 21:57:20'),
(49, 2, 'JOYCE', 'EDWARDS', 'JOYCE.EDWARDS@sakilacustomer.org', 53, 1, '2006-02-14 22:04:36', '2006-02-14 21:57:20'),
(50, 1, 'DIANE', 'COLLINS', 'DIANE.COLLINS@sakilacustomer.org', 54, 1, '2006-02-14 22:04:36', '2006-02-14 21:57:20'),
(51, 1, 'ALICE', 'STEWART', 'ALICE.STEWART@sakilacustomer.org', 55, 1, '2006-02-14 22:04:36', '2006-02-14 21:57:20'),
(52, 1, 'JULIE', 'SANCHEZ', 'JULIE.SANCHEZ@sakilacustomer.org', 56, 1, '2006-02-14 22:04:36', '2006-02-14 21:57:20'),
(53, 1, 'HEATHER', 'MORRIS', 'HEATHER.MORRIS@sakilacustomer.org', 57, 1, '2006-02-14 22:04:36', '2006-02-14 21:57:20'),
(54, 1, 'TERESA', 'ROGERS', 'TERESA.ROGERS@sakilacustomer.org', 58, 1, '2006-02-14 22:04:36', '2006-02-14 21:57:20'),
(55, 2, 'DORIS', 'REED', 'DORIS.REED@sakilacustomer.org', 59, 1, '2006-02-14 22:04:36', '2006-02-14 21:57:20'),
(56, 1, 'GLORIA', 'COOK', 'GLORIA.COOK@sakilacustomer.org', 60, 1, '2006-02-14 22:04:36', '2006-02-14 21:57:20'),
(57, 2, 'EVELYN', 'MORGAN', 'EVELYN.MORGAN@sakilacustomer.org', 61, 1, '2006-02-14 22:04:36', '2006-02-14 21:57:20'),
(58, 1, 'JEAN', 'BELL', 'JEAN.BELL@sakilacustomer.org', 62, 1, '2006-02-14 22:04:36', '2006-02-14 21:57:20'),
(59, 1, 'CHERYL', 'MURPHY', 'CHERYL.MURPHY@sakilacustomer.org', 63, 1, '2006-02-14 22:04:36', '2006-02-14 21:57:20'),
(60, 1, 'MILDRED', 'BAILEY', 'MILDRED.BAILEY@sakilacustomer.org', 64, 1, '2006-02-14 22:04:36', '2006-02-14 21:57:20'),
(61, 2, 'KATHERINE', 'RIVERA', 'KATHERINE.RIVERA@sakilacustomer.org', 65, 1, '2006-02-14 22:04:36', '2006-02-14 21:57:20'),
(62, 1, 'JOAN', 'COOPER', 'JOAN.COOPER@sakilacustomer.org', 66, 1, '2006-02-14 22:04:36', '2006-02-14 21:57:20'),
(63, 1, 'ASHLEY', 'RICHARDSON', 'ASHLEY.RICHARDSON@sakilacustomer.org', 67, 1, '2006-02-14 22:04:36', '2006-02-14 21:57:20'),
(64, 2, 'JUDITH', 'COX', 'JUDITH.COX@sakilacustomer.org', 68, 0, '2006-02-14 22:04:36', '2006-02-14 21:57:20'),
(65, 2, 'ROSE', 'HOWARD', 'ROSE.HOWARD@sakilacustomer.org', 69, 1, '2006-02-14 22:04:36', '2006-02-14 21:57:20'),
(66, 2, 'JANICE', 'WARD', 'JANICE.WARD@sakilacustomer.org', 70, 1, '2006-02-14 22:04:36', '2006-02-14 21:57:20'),
(67, 1, 'KELLY', 'TORRES', 'KELLY.TORRES@sakilacustomer.org', 71, 1, '2006-02-14 22:04:36', '2006-02-14 21:57:20'),
(68, 1, 'NICOLE', 'PETERSON', 'NICOLE.PETERSON@sakilacustomer.org', 72, 1, '2006-02-14 22:04:36', '2006-02-14 21:57:20'),
(69, 2, 'JUDY', 'GRAY', 'JUDY.GRAY@sakilacustomer.org', 73, 1, '2006-02-14 22:04:36', '2006-02-14 21:57:20'),
(70, 2, 'CHRISTINA', 'RAMIREZ', 'CHRISTINA.RAMIREZ@sakilacustomer.org', 74, 1, '2006-02-14 22:04:36', '2006-02-14 21:57:20'),
(71, 1, 'KATHY', 'JAMES', 'KATHY.JAMES@sakilacustomer.org', 75, 1, '2006-02-14 22:04:36', '2006-02-14 21:57:20'),
(72, 2, 'THERESA', 'WATSON', 'THERESA.WATSON@sakilacustomer.org', 76, 1, '2006-02-14 22:04:36', '2006-02-14 21:57:20'),
(73, 2, 'BEVERLY', 'BROOKS', 'BEVERLY.BROOKS@sakilacustomer.org', 77, 1, '2006-02-14 22:04:36', '2006-02-14 21:57:20'),
(74, 1, 'DENISE', 'KELLY', 'DENISE.KELLY@sakilacustomer.org', 78, 1, '2006-02-14 22:04:36', '2006-02-14 21:57:20'),
(75, 2, 'TAMMY', 'SANDERS', 'TAMMY.SANDERS@sakilacustomer.org', 79, 1, '2006-02-14 22:04:36', '2006-02-14 21:57:20'),
(76, 2, 'IRENE', 'PRICE', 'IRENE.PRICE@sakilacustomer.org', 80, 1, '2006-02-14 22:04:36', '2006-02-14 21:57:20'),
(77, 2, 'JANE', 'BENNETT', 'JANE.BENNETT@sakilacustomer.org', 81, 1, '2006-02-14 22:04:36', '2006-02-14 21:57:20'),
(78, 1, 'LORI', 'WOOD', 'LORI.WOOD@sakilacustomer.org', 82, 1, '2006-02-14 22:04:36', '2006-02-14 21:57:20'),
(79, 1, 'RACHEL', 'BARNES', 'RACHEL.BARNES@sakilacustomer.org', 83, 1, '2006-02-14 22:04:36', '2006-02-14 21:57:20'),
(80, 1, 'MARILYN', 'ROSS', 'MARILYN.ROSS@sakilacustomer.org', 84, 1, '2006-02-14 22:04:36', '2006-02-14 21:57:20'),
(81, 1, 'ANDREA', 'HENDERSON', 'ANDREA.HENDERSON@sakilacustomer.org', 85, 1, '2006-02-14 22:04:36', '2006-02-14 21:57:20'),
(82, 1, 'KATHRYN', 'COLEMAN', 'KATHRYN.COLEMAN@sakilacustomer.org', 86, 1, '2006-02-14 22:04:36', '2006-02-14 21:57:20'),
(83, 1, 'LOUISE', 'JENKINS', 'LOUISE.JENKINS@sakilacustomer.org', 87, 1, '2006-02-14 22:04:36', '2006-02-14 21:57:20'),
(84, 2, 'SARA', 'PERRY', 'SARA.PERRY@sakilacustomer.org', 88, 1, '2006-02-14 22:04:36', '2006-02-14 21:57:20'),
(85, 2, 'ANNE', 'POWELL', 'ANNE.POWELL@sakilacustomer.org', 89, 1, '2006-02-14 22:04:36', '2006-02-14 21:57:20'),
(86, 2, 'JACQUELINE', 'LONG', 'JACQUELINE.LONG@sakilacustomer.org', 90, 1, '2006-02-14 22:04:36', '2006-02-14 21:57:20'),
(87, 1, 'WANDA', 'PATTERSON', 'WANDA.PATTERSON@sakilacustomer.org', 91, 1, '2006-02-14 22:04:36', '2006-02-14 21:57:20'),
(88, 2, 'BONNIE', 'HUGHES', 'BONNIE.HUGHES@sakilacustomer.org', 92, 1, '2006-02-14 22:04:36', '2006-02-14 21:57:20'),
(89, 1, 'JULIA', 'FLORES', 'JULIA.FLORES@sakilacustomer.org', 93, 1, '2006-02-14 22:04:36', '2006-02-14 21:57:20'),
(90, 2, 'RUBY', 'WASHINGTON', 'RUBY.WASHINGTON@sakilacustomer.org', 94, 1, '2006-02-14 22:04:36', '2006-02-14 21:57:20'),
(91, 2, 'LOIS', 'BUTLER', 'LOIS.BUTLER@sakilacustomer.org', 95, 1, '2006-02-14 22:04:36', '2006-02-14 21:57:20'),
(92, 2, 'TINA', 'SIMMONS', 'TINA.SIMMONS@sakilacustomer.org', 96, 1, '2006-02-14 22:04:36', '2006-02-14 21:57:20'),
(93, 1, 'PHYLLIS', 'FOSTER', 'PHYLLIS.FOSTER@sakilacustomer.org', 97, 1, '2006-02-14 22:04:36', '2006-02-14 21:57:20'),
(94, 1, 'NORMA', 'GONZALES', 'NORMA.GONZALES@sakilacustomer.org', 98, 1, '2006-02-14 22:04:36', '2006-02-14 21:57:20'),
(95, 2, 'PAULA', 'BRYANT', 'PAULA.BRYANT@sakilacustomer.org', 99, 1, '2006-02-14 22:04:36', '2006-02-14 21:57:20'),
(96, 1, 'DIANA', 'ALEXANDER', 'DIANA.ALEXANDER@sakilacustomer.org', 100, 1, '2006-02-14 22:04:36', '2006-02-14 21:57:20'),
(97, 2, 'ANNIE', 'RUSSELL', 'ANNIE.RUSSELL@sakilacustomer.org', 101, 1, '2006-02-14 22:04:36', '2006-02-14 21:57:20'),
(98, 1, 'LILLIAN', 'GRIFFIN', 'LILLIAN.GRIFFIN@sakilacustomer.org', 102, 1, '2006-02-14 22:04:36', '2006-02-14 21:57:20'),
(99, 2, 'EMILY', 'DIAZ', 'EMILY.DIAZ@sakilacustomer.org', 103, 1, '2006-02-14 22:04:36', '2006-02-14 21:57:20'),
(100, 1, 'ROBIN', 'HAYES', 'ROBIN.HAYES@sakilacustomer.org', 104, 1, '2006-02-14 22:04:36', '2006-02-14 21:57:20'),
(101, 1, 'PEGGY', 'MYERS', 'PEGGY.MYERS@sakilacustomer.org', 105, 1, '2006-02-14 22:04:36', '2006-02-14 21:57:20'),
(102, 1, 'CRYSTAL', 'FORD', 'CRYSTAL.FORD@sakilacustomer.org', 106, 1, '2006-02-14 22:04:36', '2006-02-14 21:57:20'),
(103, 1, 'GLADYS', 'HAMILTON', 'GLADYS.HAMILTON@sakilacustomer.org', 107, 1, '2006-02-14 22:04:36', '2006-02-14 21:57:20'),
(104, 1, 'RITA', 'GRAHAM', 'RITA.GRAHAM@sakilacustomer.org', 108, 1, '2006-02-14 22:04:36', '2006-02-14 21:57:20'),
(105, 1, 'DAWN', 'SULLIVAN', 'DAWN.SULLIVAN@sakilacustomer.org', 109, 1, '2006-02-14 22:04:36', '2006-02-14 21:57:20'),
(106, 1, 'CONNIE', 'WALLACE', 'CONNIE.WALLACE@sakilacustomer.org', 110, 1, '2006-02-14 22:04:36', '2006-02-14 21:57:20'),
(107, 1, 'FLORENCE', 'WOODS', 'FLORENCE.WOODS@sakilacustomer.org', 111, 1, '2006-02-14 22:04:36', '2006-02-14 21:57:20'),
(108, 1, 'TRACY', 'COLE', 'TRACY.COLE@sakilacustomer.org', 112, 1, '2006-02-14 22:04:36', '2006-02-14 21:57:20'),
(109, 2, 'EDNA', 'WEST', 'EDNA.WEST@sakilacustomer.org', 113, 1, '2006-02-14 22:04:36', '2006-02-14 21:57:20'),
(110, 2, 'TIFFANY', 'JORDAN', 'TIFFANY.JORDAN@sakilacustomer.org', 114, 1, '2006-02-14 22:04:36', '2006-02-14 21:57:20'),
(111, 1, 'CARMEN', 'OWENS', 'CARMEN.OWENS@sakilacustomer.org', 115, 1, '2006-02-14 22:04:36', '2006-02-14 21:57:20'),
(112, 2, 'ROSA', 'REYNOLDS', 'ROSA.REYNOLDS@sakilacustomer.org', 116, 1, '2006-02-14 22:04:36', '2006-02-14 21:57:20'),
(113, 2, 'CINDY', 'FISHER', 'CINDY.FISHER@sakilacustomer.org', 117, 1, '2006-02-14 22:04:36', '2006-02-14 21:57:20'),
(114, 2, 'GRACE', 'ELLIS', 'GRACE.ELLIS@sakilacustomer.org', 118, 1, '2006-02-14 22:04:36', '2006-02-14 21:57:20'),
(115, 1, 'WENDY', 'HARRISON', 'WENDY.HARRISON@sakilacustomer.org', 119, 1, '2006-02-14 22:04:36', '2006-02-14 21:57:20'),
(116, 1, 'VICTORIA', 'GIBSON', 'VICTORIA.GIBSON@sakilacustomer.org', 120, 1, '2006-02-14 22:04:36', '2006-02-14 21:57:20'),
(117, 1, 'EDITH', 'MCDONALD', 'EDITH.MCDONALD@sakilacustomer.org', 121, 1, '2006-02-14 22:04:36', '2006-02-14 21:57:20'),
(118, 1, 'KIM', 'CRUZ', 'KIM.CRUZ@sakilacustomer.org', 122, 1, '2006-02-14 22:04:36', '2006-02-14 21:57:20'),
(119, 1, 'SHERRY', 'MARSHALL', 'SHERRY.MARSHALL@sakilacustomer.org', 123, 1, '2006-02-14 22:04:36', '2006-02-14 21:57:20'),
(120, 2, 'SYLVIA', 'ORTIZ', 'SYLVIA.ORTIZ@sakilacustomer.org', 124, 1, '2006-02-14 22:04:36', '2006-02-14 21:57:20'),
(121, 1, 'JOSEPHINE', 'GOMEZ', 'JOSEPHINE.GOMEZ@sakilacustomer.org', 125, 1, '2006-02-14 22:04:36', '2006-02-14 21:57:20'),
(122, 1, 'THELMA', 'MURRAY', 'THELMA.MURRAY@sakilacustomer.org', 126, 1, '2006-02-14 22:04:36', '2006-02-14 21:57:20'),
(123, 2, 'SHANNON', 'FREEMAN', 'SHANNON.FREEMAN@sakilacustomer.org', 127, 1, '2006-02-14 22:04:36', '2006-02-14 21:57:20'),
(124, 1, 'SHEILA', 'WELLS', 'SHEILA.WELLS@sakilacustomer.org', 128, 0, '2006-02-14 22:04:36', '2006-02-14 21:57:20'),
(125, 1, 'ETHEL', 'WEBB', 'ETHEL.WEBB@sakilacustomer.org', 129, 1, '2006-02-14 22:04:36', '2006-02-14 21:57:20'),
(126, 1, 'ELLEN', 'SIMPSON', 'ELLEN.SIMPSON@sakilacustomer.org', 130, 1, '2006-02-14 22:04:36', '2006-02-14 21:57:20'),
(127, 2, 'ELAINE', 'STEVENS', 'ELAINE.STEVENS@sakilacustomer.org', 131, 1, '2006-02-14 22:04:36', '2006-02-14 21:57:20'),
(128, 1, 'MARJORIE', 'TUCKER', 'MARJORIE.TUCKER@sakilacustomer.org', 132, 1, '2006-02-14 22:04:36', '2006-02-14 21:57:20'),
(129, 1, 'CARRIE', 'PORTER', 'CARRIE.PORTER@sakilacustomer.org', 133, 1, '2006-02-14 22:04:36', '2006-02-14 21:57:20'),
(130, 1, 'CHARLOTTE', 'HUNTER', 'CHARLOTTE.HUNTER@sakilacustomer.org', 134, 1, '2006-02-14 22:04:36', '2006-02-14 21:57:20'),
(131, 2, 'MONICA', 'HICKS', 'MONICA.HICKS@sakilacustomer.org', 135, 1, '2006-02-14 22:04:36', '2006-02-14 21:57:20'),
(132, 2, 'ESTHER', 'CRAWFORD', 'ESTHER.CRAWFORD@sakilacustomer.org', 136, 1, '2006-02-14 22:04:36', '2006-02-14 21:57:20'),
(133, 1, 'PAULINE', 'HENRY', 'PAULINE.HENRY@sakilacustomer.org', 137, 1, '2006-02-14 22:04:36', '2006-02-14 21:57:20'),
(134, 1, 'EMMA', 'BOYD', 'EMMA.BOYD@sakilacustomer.org', 138, 1, '2006-02-14 22:04:36', '2006-02-14 21:57:20'),
(135, 2, 'JUANITA', 'MASON', 'JUANITA.MASON@sakilacustomer.org', 139, 1, '2006-02-14 22:04:36', '2006-02-14 21:57:20'),
(136, 2, 'ANITA', 'MORALES', 'ANITA.MORALES@sakilacustomer.org', 140, 1, '2006-02-14 22:04:36', '2006-02-14 21:57:20'),
(137, 2, 'RHONDA', 'KENNEDY', 'RHONDA.KENNEDY@sakilacustomer.org', 141, 1, '2006-02-14 22:04:36', '2006-02-14 21:57:20'),
(138, 1, 'HAZEL', 'WARREN', 'HAZEL.WARREN@sakilacustomer.org', 142, 1, '2006-02-14 22:04:36', '2006-02-14 21:57:20'),
(139, 1, 'AMBER', 'DIXON', 'AMBER.DIXON@sakilacustomer.org', 143, 1, '2006-02-14 22:04:36', '2006-02-14 21:57:20'),
(140, 1, 'EVA', 'RAMOS', 'EVA.RAMOS@sakilacustomer.org', 144, 1, '2006-02-14 22:04:36', '2006-02-14 21:57:20'),
(141, 1, 'DEBBIE', 'REYES', 'DEBBIE.REYES@sakilacustomer.org', 145, 1, '2006-02-14 22:04:36', '2006-02-14 21:57:20'),
(142, 1, 'APRIL', 'BURNS', 'APRIL.BURNS@sakilacustomer.org', 146, 1, '2006-02-14 22:04:36', '2006-02-14 21:57:20'),
(143, 1, 'LESLIE', 'GORDON', 'LESLIE.GORDON@sakilacustomer.org', 147, 1, '2006-02-14 22:04:36', '2006-02-14 21:57:20'),
(144, 1, 'CLARA', 'SHAW', 'CLARA.SHAW@sakilacustomer.org', 148, 1, '2006-02-14 22:04:36', '2006-02-14 21:57:20'),
(145, 1, 'LUCILLE', 'HOLMES', 'LUCILLE.HOLMES@sakilacustomer.org', 149, 1, '2006-02-14 22:04:36', '2006-02-14 21:57:20'),
(146, 1, 'JAMIE', 'RICE', 'JAMIE.RICE@sakilacustomer.org', 150, 1, '2006-02-14 22:04:36', '2006-02-14 21:57:20'),
(147, 2, 'JOANNE', 'ROBERTSON', 'JOANNE.ROBERTSON@sakilacustomer.org', 151, 1, '2006-02-14 22:04:36', '2006-02-14 21:57:20'),
(148, 1, 'ELEANOR', 'HUNT', 'ELEANOR.HUNT@sakilacustomer.org', 152, 1, '2006-02-14 22:04:36', '2006-02-14 21:57:20'),
(149, 1, 'VALERIE', 'BLACK', 'VALERIE.BLACK@sakilacustomer.org', 153, 1, '2006-02-14 22:04:36', '2006-02-14 21:57:20'),
(150, 2, 'DANIELLE', 'DANIELS', 'DANIELLE.DANIELS@sakilacustomer.org', 154, 1, '2006-02-14 22:04:36', '2006-02-14 21:57:20'),
(151, 2, 'MEGAN', 'PALMER', 'MEGAN.PALMER@sakilacustomer.org', 155, 1, '2006-02-14 22:04:36', '2006-02-14 21:57:20'),
(152, 1, 'ALICIA', 'MILLS', 'ALICIA.MILLS@sakilacustomer.org', 156, 1, '2006-02-14 22:04:36', '2006-02-14 21:57:20'),
(153, 2, 'SUZANNE', 'NICHOLS', 'SUZANNE.NICHOLS@sakilacustomer.org', 157, 1, '2006-02-14 22:04:36', '2006-02-14 21:57:20'),
(154, 2, 'MICHELE', 'GRANT', 'MICHELE.GRANT@sakilacustomer.org', 158, 1, '2006-02-14 22:04:36', '2006-02-14 21:57:20'),
(155, 1, 'GAIL', 'KNIGHT', 'GAIL.KNIGHT@sakilacustomer.org', 159, 1, '2006-02-14 22:04:36', '2006-02-14 21:57:20'),
(156, 1, 'BERTHA', 'FERGUSON', 'BERTHA.FERGUSON@sakilacustomer.org', 160, 1, '2006-02-14 22:04:36', '2006-02-14 21:57:20'),
(157, 2, 'DARLENE', 'ROSE', 'DARLENE.ROSE@sakilacustomer.org', 161, 1, '2006-02-14 22:04:36', '2006-02-14 21:57:20'),
(158, 1, 'VERONICA', 'STONE', 'VERONICA.STONE@sakilacustomer.org', 162, 1, '2006-02-14 22:04:36', '2006-02-14 21:57:20'),
(159, 1, 'JILL', 'HAWKINS', 'JILL.HAWKINS@sakilacustomer.org', 163, 1, '2006-02-14 22:04:36', '2006-02-14 21:57:20'),
(160, 2, 'ERIN', 'DUNN', 'ERIN.DUNN@sakilacustomer.org', 164, 1, '2006-02-14 22:04:36', '2006-02-14 21:57:20'),
(161, 1, 'GERALDINE', 'PERKINS', 'GERALDINE.PERKINS@sakilacustomer.org', 165, 1, '2006-02-14 22:04:36', '2006-02-14 21:57:20'),
(162, 2, 'LAUREN', 'HUDSON', 'LAUREN.HUDSON@sakilacustomer.org', 166, 1, '2006-02-14 22:04:36', '2006-02-14 21:57:20'),
(163, 1, 'CATHY', 'SPENCER', 'CATHY.SPENCER@sakilacustomer.org', 167, 1, '2006-02-14 22:04:36', '2006-02-14 21:57:20'),
(164, 2, 'JOANN', 'GARDNER', 'JOANN.GARDNER@sakilacustomer.org', 168, 1, '2006-02-14 22:04:36', '2006-02-14 21:57:20'),
(165, 2, 'LORRAINE', 'STEPHENS', 'LORRAINE.STEPHENS@sakilacustomer.org', 169, 1, '2006-02-14 22:04:36', '2006-02-14 21:57:20'),
(166, 1, 'LYNN', 'PAYNE', 'LYNN.PAYNE@sakilacustomer.org', 170, 1, '2006-02-14 22:04:36', '2006-02-14 21:57:20'),
(167, 2, 'SALLY', 'PIERCE', 'SALLY.PIERCE@sakilacustomer.org', 171, 1, '2006-02-14 22:04:36', '2006-02-14 21:57:20'),
(168, 1, 'REGINA', 'BERRY', 'REGINA.BERRY@sakilacustomer.org', 172, 1, '2006-02-14 22:04:36', '2006-02-14 21:57:20'),
(169, 2, 'ERICA', 'MATTHEWS', 'ERICA.MATTHEWS@sakilacustomer.org', 173, 0, '2006-02-14 22:04:36', '2006-02-14 21:57:20'),
(170, 1, 'BEATRICE', 'ARNOLD', 'BEATRICE.ARNOLD@sakilacustomer.org', 174, 1, '2006-02-14 22:04:36', '2006-02-14 21:57:20'),
(171, 2, 'DOLORES', 'WAGNER', 'DOLORES.WAGNER@sakilacustomer.org', 175, 1, '2006-02-14 22:04:36', '2006-02-14 21:57:20'),
(172, 1, 'BERNICE', 'WILLIS', 'BERNICE.WILLIS@sakilacustomer.org', 176, 1, '2006-02-14 22:04:36', '2006-02-14 21:57:20'),
(173, 1, 'AUDREY', 'RAY', 'AUDREY.RAY@sakilacustomer.org', 177, 1, '2006-02-14 22:04:36', '2006-02-14 21:57:20'),
(174, 2, 'YVONNE', 'WATKINS', 'YVONNE.WATKINS@sakilacustomer.org', 178, 1, '2006-02-14 22:04:36', '2006-02-14 21:57:20'),
(175, 1, 'ANNETTE', 'OLSON', 'ANNETTE.OLSON@sakilacustomer.org', 179, 1, '2006-02-14 22:04:36', '2006-02-14 21:57:20'),
(176, 1, 'JUNE', 'CARROLL', 'JUNE.CARROLL@sakilacustomer.org', 180, 1, '2006-02-14 22:04:36', '2006-02-14 21:57:20'),
(177, 2, 'SAMANTHA', 'DUNCAN', 'SAMANTHA.DUNCAN@sakilacustomer.org', 181, 1, '2006-02-14 22:04:36', '2006-02-14 21:57:20'),
(178, 2, 'MARION', 'SNYDER', 'MARION.SNYDER@sakilacustomer.org', 182, 1, '2006-02-14 22:04:36', '2006-02-14 21:57:20'),
(179, 1, 'DANA', 'HART', 'DANA.HART@sakilacustomer.org', 183, 1, '2006-02-14 22:04:36', '2006-02-14 21:57:20'),
(180, 2, 'STACY', 'CUNNINGHAM', 'STACY.CUNNINGHAM@sakilacustomer.org', 184, 1, '2006-02-14 22:04:36', '2006-02-14 21:57:20'),
(181, 2, 'ANA', 'BRADLEY', 'ANA.BRADLEY@sakilacustomer.org', 185, 1, '2006-02-14 22:04:36', '2006-02-14 21:57:20'),
(182, 1, 'RENEE', 'LANE', 'RENEE.LANE@sakilacustomer.org', 186, 1, '2006-02-14 22:04:36', '2006-02-14 21:57:20'),
(183, 2, 'IDA', 'ANDREWS', 'IDA.ANDREWS@sakilacustomer.org', 187, 1, '2006-02-14 22:04:36', '2006-02-14 21:57:20'),
(184, 1, 'VIVIAN', 'RUIZ', 'VIVIAN.RUIZ@sakilacustomer.org', 188, 1, '2006-02-14 22:04:36', '2006-02-14 21:57:20'),
(185, 1, 'ROBERTA', 'HARPER', 'ROBERTA.HARPER@sakilacustomer.org', 189, 1, '2006-02-14 22:04:36', '2006-02-14 21:57:20'),
(186, 2, 'HOLLY', 'FOX', 'HOLLY.FOX@sakilacustomer.org', 190, 1, '2006-02-14 22:04:36', '2006-02-14 21:57:20'),
(187, 2, 'BRITTANY', 'RILEY', 'BRITTANY.RILEY@sakilacustomer.org', 191, 1, '2006-02-14 22:04:36', '2006-02-14 21:57:20'),
(188, 1, 'MELANIE', 'ARMSTRONG', 'MELANIE.ARMSTRONG@sakilacustomer.org', 192, 1, '2006-02-14 22:04:36', '2006-02-14 21:57:20'),
(189, 1, 'LORETTA', 'CARPENTER', 'LORETTA.CARPENTER@sakilacustomer.org', 193, 1, '2006-02-14 22:04:36', '2006-02-14 21:57:20'),
(190, 2, 'YOLANDA', 'WEAVER', 'YOLANDA.WEAVER@sakilacustomer.org', 194, 1, '2006-02-14 22:04:36', '2006-02-14 21:57:20'),
(191, 1, 'JEANETTE', 'GREENE', 'JEANETTE.GREENE@sakilacustomer.org', 195, 1, '2006-02-14 22:04:36', '2006-02-14 21:57:20'),
(192, 1, 'LAURIE', 'LAWRENCE', 'LAURIE.LAWRENCE@sakilacustomer.org', 196, 1, '2006-02-14 22:04:36', '2006-02-14 21:57:20'),
(193, 2, 'KATIE', 'ELLIOTT', 'KATIE.ELLIOTT@sakilacustomer.org', 197, 1, '2006-02-14 22:04:36', '2006-02-14 21:57:20'),
(194, 2, 'KRISTEN', 'CHAVEZ', 'KRISTEN.CHAVEZ@sakilacustomer.org', 198, 1, '2006-02-14 22:04:36', '2006-02-14 21:57:20'),
(195, 1, 'VANESSA', 'SIMS', 'VANESSA.SIMS@sakilacustomer.org', 199, 1, '2006-02-14 22:04:36', '2006-02-14 21:57:20'),
(196, 1, 'ALMA', 'AUSTIN', 'ALMA.AUSTIN@sakilacustomer.org', 200, 1, '2006-02-14 22:04:36', '2006-02-14 21:57:20'),
(197, 2, 'SUE', 'PETERS', 'SUE.PETERS@sakilacustomer.org', 201, 1, '2006-02-14 22:04:36', '2006-02-14 21:57:20'),
(198, 2, 'ELSIE', 'KELLEY', 'ELSIE.KELLEY@sakilacustomer.org', 202, 1, '2006-02-14 22:04:36', '2006-02-14 21:57:20'),
(199, 2, 'BETH', 'FRANKLIN', 'BETH.FRANKLIN@sakilacustomer.org', 203, 1, '2006-02-14 22:04:36', '2006-02-14 21:57:20'),
(200, 2, 'JEANNE', 'LAWSON', 'JEANNE.LAWSON@sakilacustomer.org', 204, 1, '2006-02-14 22:04:36', '2006-02-14 21:57:20'),
(201, 1, 'VICKI', 'FIELDS', 'VICKI.FIELDS@sakilacustomer.org', 205, 1, '2006-02-14 22:04:36', '2006-02-14 21:57:20'),
(202, 2, 'CARLA', 'GUTIERREZ', 'CARLA.GUTIERREZ@sakilacustomer.org', 206, 1, '2006-02-14 22:04:36', '2006-02-14 21:57:20'),
(203, 1, 'TARA', 'RYAN', 'TARA.RYAN@sakilacustomer.org', 207, 1, '2006-02-14 22:04:36', '2006-02-14 21:57:20'),
(204, 1, 'ROSEMARY', 'SCHMIDT', 'ROSEMARY.SCHMIDT@sakilacustomer.org', 208, 1, '2006-02-14 22:04:36', '2006-02-14 21:57:20'),
(205, 2, 'EILEEN', 'CARR', 'EILEEN.CARR@sakilacustomer.org', 209, 1, '2006-02-14 22:04:36', '2006-02-14 21:57:20'),
(206, 1, 'TERRI', 'VASQUEZ', 'TERRI.VASQUEZ@sakilacustomer.org', 210, 1, '2006-02-14 22:04:36', '2006-02-14 21:57:20'),
(207, 1, 'GERTRUDE', 'CASTILLO', 'GERTRUDE.CASTILLO@sakilacustomer.org', 211, 1, '2006-02-14 22:04:36', '2006-02-14 21:57:20'),
(208, 1, 'LUCY', 'WHEELER', 'LUCY.WHEELER@sakilacustomer.org', 212, 1, '2006-02-14 22:04:36', '2006-02-14 21:57:20'),
(209, 2, 'TONYA', 'CHAPMAN', 'TONYA.CHAPMAN@sakilacustomer.org', 213, 1, '2006-02-14 22:04:36', '2006-02-14 21:57:20'),
(210, 2, 'ELLA', 'OLIVER', 'ELLA.OLIVER@sakilacustomer.org', 214, 1, '2006-02-14 22:04:36', '2006-02-14 21:57:20'),
(211, 1, 'STACEY', 'MONTGOMERY', 'STACEY.MONTGOMERY@sakilacustomer.org', 215, 1, '2006-02-14 22:04:36', '2006-02-14 21:57:20'),
(212, 2, 'WILMA', 'RICHARDS', 'WILMA.RICHARDS@sakilacustomer.org', 216, 1, '2006-02-14 22:04:36', '2006-02-14 21:57:20'),
(213, 1, 'GINA', 'WILLIAMSON', 'GINA.WILLIAMSON@sakilacustomer.org', 217, 1, '2006-02-14 22:04:36', '2006-02-14 21:57:20'),
(214, 1, 'KRISTIN', 'JOHNSTON', 'KRISTIN.JOHNSTON@sakilacustomer.org', 218, 1, '2006-02-14 22:04:36', '2006-02-14 21:57:20'),
(215, 2, 'JESSIE', 'BANKS', 'JESSIE.BANKS@sakilacustomer.org', 219, 1, '2006-02-14 22:04:36', '2006-02-14 21:57:20'),
(216, 1, 'NATALIE', 'MEYER', 'NATALIE.MEYER@sakilacustomer.org', 220, 1, '2006-02-14 22:04:36', '2006-02-14 21:57:20'),
(217, 2, 'AGNES', 'BISHOP', 'AGNES.BISHOP@sakilacustomer.org', 221, 1, '2006-02-14 22:04:36', '2006-02-14 21:57:20'),
(218, 1, 'VERA', 'MCCOY', 'VERA.MCCOY@sakilacustomer.org', 222, 1, '2006-02-14 22:04:36', '2006-02-14 21:57:20'),
(219, 2, 'WILLIE', 'HOWELL', 'WILLIE.HOWELL@sakilacustomer.org', 223, 1, '2006-02-14 22:04:36', '2006-02-14 21:57:20'),
(220, 2, 'CHARLENE', 'ALVAREZ', 'CHARLENE.ALVAREZ@sakilacustomer.org', 224, 1, '2006-02-14 22:04:36', '2006-02-14 21:57:20'),
(221, 1, 'BESSIE', 'MORRISON', 'BESSIE.MORRISON@sakilacustomer.org', 225, 1, '2006-02-14 22:04:36', '2006-02-14 21:57:20'),
(222, 2, 'DELORES', 'HANSEN', 'DELORES.HANSEN@sakilacustomer.org', 226, 1, '2006-02-14 22:04:36', '2006-02-14 21:57:20'),
(223, 1, 'MELINDA', 'FERNANDEZ', 'MELINDA.FERNANDEZ@sakilacustomer.org', 227, 1, '2006-02-14 22:04:36', '2006-02-14 21:57:20'),
(224, 2, 'PEARL', 'GARZA', 'PEARL.GARZA@sakilacustomer.org', 228, 1, '2006-02-14 22:04:36', '2006-02-14 21:57:20'),
(225, 1, 'ARLENE', 'HARVEY', 'ARLENE.HARVEY@sakilacustomer.org', 229, 1, '2006-02-14 22:04:36', '2006-02-14 21:57:20'),
(226, 2, 'MAUREEN', 'LITTLE', 'MAUREEN.LITTLE@sakilacustomer.org', 230, 1, '2006-02-14 22:04:36', '2006-02-14 21:57:20'),
(227, 1, 'COLLEEN', 'BURTON', 'COLLEEN.BURTON@sakilacustomer.org', 231, 1, '2006-02-14 22:04:36', '2006-02-14 21:57:20'),
(228, 2, 'ALLISON', 'STANLEY', 'ALLISON.STANLEY@sakilacustomer.org', 232, 1, '2006-02-14 22:04:36', '2006-02-14 21:57:20'),
(229, 1, 'TAMARA', 'NGUYEN', 'TAMARA.NGUYEN@sakilacustomer.org', 233, 1, '2006-02-14 22:04:36', '2006-02-14 21:57:20'),
(230, 2, 'JOY', 'GEORGE', 'JOY.GEORGE@sakilacustomer.org', 234, 1, '2006-02-14 22:04:36', '2006-02-14 21:57:20'),
(231, 1, 'GEORGIA', 'JACOBS', 'GEORGIA.JACOBS@sakilacustomer.org', 235, 1, '2006-02-14 22:04:36', '2006-02-14 21:57:20'),
(232, 2, 'CONSTANCE', 'REID', 'CONSTANCE.REID@sakilacustomer.org', 236, 1, '2006-02-14 22:04:36', '2006-02-14 21:57:20'),
(233, 2, 'LILLIE', 'KIM', 'LILLIE.KIM@sakilacustomer.org', 237, 1, '2006-02-14 22:04:36', '2006-02-14 21:57:20'),
(234, 1, 'CLAUDIA', 'FULLER', 'CLAUDIA.FULLER@sakilacustomer.org', 238, 1, '2006-02-14 22:04:36', '2006-02-14 21:57:20'),
(235, 1, 'JACKIE', 'LYNCH', 'JACKIE.LYNCH@sakilacustomer.org', 239, 1, '2006-02-14 22:04:36', '2006-02-14 21:57:20'),
(236, 1, 'MARCIA', 'DEAN', 'MARCIA.DEAN@sakilacustomer.org', 240, 1, '2006-02-14 22:04:36', '2006-02-14 21:57:20'),
(237, 1, 'TANYA', 'GILBERT', 'TANYA.GILBERT@sakilacustomer.org', 241, 1, '2006-02-14 22:04:36', '2006-02-14 21:57:20'),
(238, 1, 'NELLIE', 'GARRETT', 'NELLIE.GARRETT@sakilacustomer.org', 242, 1, '2006-02-14 22:04:36', '2006-02-14 21:57:20'),
(239, 2, 'MINNIE', 'ROMERO', 'MINNIE.ROMERO@sakilacustomer.org', 243, 1, '2006-02-14 22:04:36', '2006-02-14 21:57:20'),
(240, 1, 'MARLENE', 'WELCH', 'MARLENE.WELCH@sakilacustomer.org', 244, 1, '2006-02-14 22:04:36', '2006-02-14 21:57:20'),
(241, 2, 'HEIDI', 'LARSON', 'HEIDI.LARSON@sakilacustomer.org', 245, 0, '2006-02-14 22:04:36', '2006-02-14 21:57:20'),
(242, 1, 'GLENDA', 'FRAZIER', 'GLENDA.FRAZIER@sakilacustomer.org', 246, 1, '2006-02-14 22:04:36', '2006-02-14 21:57:20'),
(243, 1, 'LYDIA', 'BURKE', 'LYDIA.BURKE@sakilacustomer.org', 247, 1, '2006-02-14 22:04:36', '2006-02-14 21:57:20'),
(244, 2, 'VIOLA', 'HANSON', 'VIOLA.HANSON@sakilacustomer.org', 248, 1, '2006-02-14 22:04:36', '2006-02-14 21:57:20'),
(245, 1, 'COURTNEY', 'DAY', 'COURTNEY.DAY@sakilacustomer.org', 249, 1, '2006-02-14 22:04:36', '2006-02-14 21:57:20'),
(246, 1, 'MARIAN', 'MENDOZA', 'MARIAN.MENDOZA@sakilacustomer.org', 250, 1, '2006-02-14 22:04:36', '2006-02-14 21:57:20'),
(247, 1, 'STELLA', 'MORENO', 'STELLA.MORENO@sakilacustomer.org', 251, 1, '2006-02-14 22:04:36', '2006-02-14 21:57:20'),
(248, 1, 'CAROLINE', 'BOWMAN', 'CAROLINE.BOWMAN@sakilacustomer.org', 252, 1, '2006-02-14 22:04:36', '2006-02-14 21:57:20'),
(249, 2, 'DORA', 'MEDINA', 'DORA.MEDINA@sakilacustomer.org', 253, 1, '2006-02-14 22:04:36', '2006-02-14 21:57:20'),
(250, 2, 'JO', 'FOWLER', 'JO.FOWLER@sakilacustomer.org', 254, 1, '2006-02-14 22:04:36', '2006-02-14 21:57:20'),
(251, 2, 'VICKIE', 'BREWER', 'VICKIE.BREWER@sakilacustomer.org', 255, 1, '2006-02-14 22:04:36', '2006-02-14 21:57:20'),
(252, 2, 'MATTIE', 'HOFFMAN', 'MATTIE.HOFFMAN@sakilacustomer.org', 256, 1, '2006-02-14 22:04:36', '2006-02-14 21:57:20'),
(253, 1, 'TERRY', 'CARLSON', 'TERRY.CARLSON@sakilacustomer.org', 258, 1, '2006-02-14 22:04:36', '2006-02-14 21:57:20'),
(254, 2, 'MAXINE', 'SILVA', 'MAXINE.SILVA@sakilacustomer.org', 259, 1, '2006-02-14 22:04:36', '2006-02-14 21:57:20'),
(255, 2, 'IRMA', 'PEARSON', 'IRMA.PEARSON@sakilacustomer.org', 260, 1, '2006-02-14 22:04:36', '2006-02-14 21:57:20'),
(256, 2, 'MABEL', 'HOLLAND', 'MABEL.HOLLAND@sakilacustomer.org', 261, 1, '2006-02-14 22:04:36', '2006-02-14 21:57:20'),
(257, 2, 'MARSHA', 'DOUGLAS', 'MARSHA.DOUGLAS@sakilacustomer.org', 262, 1, '2006-02-14 22:04:36', '2006-02-14 21:57:20'),
(258, 1, 'MYRTLE', 'FLEMING', 'MYRTLE.FLEMING@sakilacustomer.org', 263, 1, '2006-02-14 22:04:36', '2006-02-14 21:57:20'),
(259, 2, 'LENA', 'JENSEN', 'LENA.JENSEN@sakilacustomer.org', 264, 1, '2006-02-14 22:04:36', '2006-02-14 21:57:20'),
(260, 1, 'CHRISTY', 'VARGAS', 'CHRISTY.VARGAS@sakilacustomer.org', 265, 1, '2006-02-14 22:04:36', '2006-02-14 21:57:20'),
(261, 1, 'DEANNA', 'BYRD', 'DEANNA.BYRD@sakilacustomer.org', 266, 1, '2006-02-14 22:04:36', '2006-02-14 21:57:20'),
(262, 2, 'PATSY', 'DAVIDSON', 'PATSY.DAVIDSON@sakilacustomer.org', 267, 1, '2006-02-14 22:04:36', '2006-02-14 21:57:20'),
(263, 1, 'HILDA', 'HOPKINS', 'HILDA.HOPKINS@sakilacustomer.org', 268, 1, '2006-02-14 22:04:36', '2006-02-14 21:57:20'),
(264, 1, 'GWENDOLYN', 'MAY', 'GWENDOLYN.MAY@sakilacustomer.org', 269, 1, '2006-02-14 22:04:36', '2006-02-14 21:57:20'),
(265, 2, 'JENNIE', 'TERRY', 'JENNIE.TERRY@sakilacustomer.org', 270, 1, '2006-02-14 22:04:36', '2006-02-14 21:57:20'),
(266, 2, 'NORA', 'HERRERA', 'NORA.HERRERA@sakilacustomer.org', 271, 1, '2006-02-14 22:04:36', '2006-02-14 21:57:20'),
(267, 1, 'MARGIE', 'WADE', 'MARGIE.WADE@sakilacustomer.org', 272, 1, '2006-02-14 22:04:36', '2006-02-14 21:57:20'),
(268, 1, 'NINA', 'SOTO', 'NINA.SOTO@sakilacustomer.org', 273, 1, '2006-02-14 22:04:36', '2006-02-14 21:57:20'),
(269, 1, 'CASSANDRA', 'WALTERS', 'CASSANDRA.WALTERS@sakilacustomer.org', 274, 1, '2006-02-14 22:04:36', '2006-02-14 21:57:20'),
(270, 1, 'LEAH', 'CURTIS', 'LEAH.CURTIS@sakilacustomer.org', 275, 1, '2006-02-14 22:04:36', '2006-02-14 21:57:20'),
(271, 1, 'PENNY', 'NEAL', 'PENNY.NEAL@sakilacustomer.org', 276, 0, '2006-02-14 22:04:36', '2006-02-14 21:57:20'),
(272, 1, 'KAY', 'CALDWELL', 'KAY.CALDWELL@sakilacustomer.org', 277, 1, '2006-02-14 22:04:37', '2006-02-14 21:57:20'),
(273, 2, 'PRISCILLA', 'LOWE', 'PRISCILLA.LOWE@sakilacustomer.org', 278, 1, '2006-02-14 22:04:37', '2006-02-14 21:57:20'),
(274, 1, 'NAOMI', 'JENNINGS', 'NAOMI.JENNINGS@sakilacustomer.org', 279, 1, '2006-02-14 22:04:37', '2006-02-14 21:57:20'),
(275, 2, 'CAROLE', 'BARNETT', 'CAROLE.BARNETT@sakilacustomer.org', 280, 1, '2006-02-14 22:04:37', '2006-02-14 21:57:20'),
(276, 1, 'BRANDY', 'GRAVES', 'BRANDY.GRAVES@sakilacustomer.org', 281, 1, '2006-02-14 22:04:37', '2006-02-14 21:57:20'),
(277, 2, 'OLGA', 'JIMENEZ', 'OLGA.JIMENEZ@sakilacustomer.org', 282, 1, '2006-02-14 22:04:37', '2006-02-14 21:57:20'),
(278, 2, 'BILLIE', 'HORTON', 'BILLIE.HORTON@sakilacustomer.org', 283, 1, '2006-02-14 22:04:37', '2006-02-14 21:57:20'),
(279, 2, 'DIANNE', 'SHELTON', 'DIANNE.SHELTON@sakilacustomer.org', 284, 1, '2006-02-14 22:04:37', '2006-02-14 21:57:20'),
(280, 2, 'TRACEY', 'BARRETT', 'TRACEY.BARRETT@sakilacustomer.org', 285, 1, '2006-02-14 22:04:37', '2006-02-14 21:57:20'),
(281, 2, 'LEONA', 'OBRIEN', 'LEONA.OBRIEN@sakilacustomer.org', 286, 1, '2006-02-14 22:04:37', '2006-02-14 21:57:20'),
(282, 2, 'JENNY', 'CASTRO', 'JENNY.CASTRO@sakilacustomer.org', 287, 1, '2006-02-14 22:04:37', '2006-02-14 21:57:20'),
(283, 1, 'FELICIA', 'SUTTON', 'FELICIA.SUTTON@sakilacustomer.org', 288, 1, '2006-02-14 22:04:37', '2006-02-14 21:57:20'),
(284, 1, 'SONIA', 'GREGORY', 'SONIA.GREGORY@sakilacustomer.org', 289, 1, '2006-02-14 22:04:37', '2006-02-14 21:57:20'),
(285, 1, 'MIRIAM', 'MCKINNEY', 'MIRIAM.MCKINNEY@sakilacustomer.org', 290, 1, '2006-02-14 22:04:37', '2006-02-14 21:57:20'),
(286, 1, 'VELMA', 'LUCAS', 'VELMA.LUCAS@sakilacustomer.org', 291, 1, '2006-02-14 22:04:37', '2006-02-14 21:57:20'),
(287, 2, 'BECKY', 'MILES', 'BECKY.MILES@sakilacustomer.org', 292, 1, '2006-02-14 22:04:37', '2006-02-14 21:57:20'),
(288, 1, 'BOBBIE', 'CRAIG', 'BOBBIE.CRAIG@sakilacustomer.org', 293, 1, '2006-02-14 22:04:37', '2006-02-14 21:57:20'),
(289, 1, 'VIOLET', 'RODRIQUEZ', 'VIOLET.RODRIQUEZ@sakilacustomer.org', 294, 1, '2006-02-14 22:04:37', '2006-02-14 21:57:20'),
(290, 1, 'KRISTINA', 'CHAMBERS', 'KRISTINA.CHAMBERS@sakilacustomer.org', 295, 1, '2006-02-14 22:04:37', '2006-02-14 21:57:20'),
(291, 1, 'TONI', 'HOLT', 'TONI.HOLT@sakilacustomer.org', 296, 1, '2006-02-14 22:04:37', '2006-02-14 21:57:20'),
(292, 2, 'MISTY', 'LAMBERT', 'MISTY.LAMBERT@sakilacustomer.org', 297, 1, '2006-02-14 22:04:37', '2006-02-14 21:57:20'),
(293, 2, 'MAE', 'FLETCHER', 'MAE.FLETCHER@sakilacustomer.org', 298, 1, '2006-02-14 22:04:37', '2006-02-14 21:57:20'),
(294, 2, 'SHELLY', 'WATTS', 'SHELLY.WATTS@sakilacustomer.org', 299, 1, '2006-02-14 22:04:37', '2006-02-14 21:57:20'),
(295, 1, 'DAISY', 'BATES', 'DAISY.BATES@sakilacustomer.org', 300, 1, '2006-02-14 22:04:37', '2006-02-14 21:57:20'),
(296, 2, 'RAMONA', 'HALE', 'RAMONA.HALE@sakilacustomer.org', 301, 1, '2006-02-14 22:04:37', '2006-02-14 21:57:20'),
(297, 1, 'SHERRI', 'RHODES', 'SHERRI.RHODES@sakilacustomer.org', 302, 1, '2006-02-14 22:04:37', '2006-02-14 21:57:20'),
(298, 1, 'ERIKA', 'PENA', 'ERIKA.PENA@sakilacustomer.org', 303, 1, '2006-02-14 22:04:37', '2006-02-14 21:57:20'),
(299, 2, 'JAMES', 'GANNON', 'JAMES.GANNON@sakilacustomer.org', 304, 1, '2006-02-14 22:04:37', '2006-02-14 21:57:20'),
(300, 1, 'JOHN', 'FARNSWORTH', 'JOHN.FARNSWORTH@sakilacustomer.org', 305, 1, '2006-02-14 22:04:37', '2006-02-14 21:57:20'),
(301, 2, 'ROBERT', 'BAUGHMAN', 'ROBERT.BAUGHMAN@sakilacustomer.org', 306, 1, '2006-02-14 22:04:37', '2006-02-14 21:57:20'),
(302, 1, 'MICHAEL', 'SILVERMAN', 'MICHAEL.SILVERMAN@sakilacustomer.org', 307, 1, '2006-02-14 22:04:37', '2006-02-14 21:57:20'),
(303, 2, 'WILLIAM', 'SATTERFIELD', 'WILLIAM.SATTERFIELD@sakilacustomer.org', 308, 1, '2006-02-14 22:04:37', '2006-02-14 21:57:20'),
(304, 2, 'DAVID', 'ROYAL', 'DAVID.ROYAL@sakilacustomer.org', 309, 1, '2006-02-14 22:04:37', '2006-02-14 21:57:20'),
(305, 1, 'RICHARD', 'MCCRARY', 'RICHARD.MCCRARY@sakilacustomer.org', 310, 1, '2006-02-14 22:04:37', '2006-02-14 21:57:20'),
(306, 1, 'CHARLES', 'KOWALSKI', 'CHARLES.KOWALSKI@sakilacustomer.org', 311, 1, '2006-02-14 22:04:37', '2006-02-14 21:57:20'),
(307, 2, 'JOSEPH', 'JOY', 'JOSEPH.JOY@sakilacustomer.org', 312, 1, '2006-02-14 22:04:37', '2006-02-14 21:57:20'),
(308, 1, 'THOMAS', 'GRIGSBY', 'THOMAS.GRIGSBY@sakilacustomer.org', 313, 1, '2006-02-14 22:04:37', '2006-02-14 21:57:20'),
(309, 1, 'CHRISTOPHER', 'GRECO', 'CHRISTOPHER.GRECO@sakilacustomer.org', 314, 1, '2006-02-14 22:04:37', '2006-02-14 21:57:20'),
(310, 2, 'DANIEL', 'CABRAL', 'DANIEL.CABRAL@sakilacustomer.org', 315, 1, '2006-02-14 22:04:37', '2006-02-14 21:57:20'),
(311, 2, 'PAUL', 'TROUT', 'PAUL.TROUT@sakilacustomer.org', 316, 1, '2006-02-14 22:04:37', '2006-02-14 21:57:20'),
(312, 2, 'MARK', 'RINEHART', 'MARK.RINEHART@sakilacustomer.org', 317, 1, '2006-02-14 22:04:37', '2006-02-14 21:57:20'),
(313, 2, 'DONALD', 'MAHON', 'DONALD.MAHON@sakilacustomer.org', 318, 1, '2006-02-14 22:04:37', '2006-02-14 21:57:20'),
(314, 1, 'GEORGE', 'LINTON', 'GEORGE.LINTON@sakilacustomer.org', 319, 1, '2006-02-14 22:04:37', '2006-02-14 21:57:20'),
(315, 2, 'KENNETH', 'GOODEN', 'KENNETH.GOODEN@sakilacustomer.org', 320, 0, '2006-02-14 22:04:37', '2006-02-14 21:57:20'),
(316, 1, 'STEVEN', 'CURLEY', 'STEVEN.CURLEY@sakilacustomer.org', 321, 1, '2006-02-14 22:04:37', '2006-02-14 21:57:20'),
(317, 2, 'EDWARD', 'BAUGH', 'EDWARD.BAUGH@sakilacustomer.org', 322, 1, '2006-02-14 22:04:37', '2006-02-14 21:57:20'),
(318, 1, 'BRIAN', 'WYMAN', 'BRIAN.WYMAN@sakilacustomer.org', 323, 1, '2006-02-14 22:04:37', '2006-02-14 21:57:20'),
(319, 2, 'RONALD', 'WEINER', 'RONALD.WEINER@sakilacustomer.org', 324, 1, '2006-02-14 22:04:37', '2006-02-14 21:57:20'),
(320, 2, 'ANTHONY', 'SCHWAB', 'ANTHONY.SCHWAB@sakilacustomer.org', 325, 1, '2006-02-14 22:04:37', '2006-02-14 21:57:20'),
(321, 1, 'KEVIN', 'SCHULER', 'KEVIN.SCHULER@sakilacustomer.org', 326, 1, '2006-02-14 22:04:37', '2006-02-14 21:57:20'),
(322, 1, 'JASON', 'MORRISSEY', 'JASON.MORRISSEY@sakilacustomer.org', 327, 1, '2006-02-14 22:04:37', '2006-02-14 21:57:20'),
(323, 2, 'MATTHEW', 'MAHAN', 'MATTHEW.MAHAN@sakilacustomer.org', 328, 1, '2006-02-14 22:04:37', '2006-02-14 21:57:20'),
(324, 2, 'GARY', 'COY', 'GARY.COY@sakilacustomer.org', 329, 1, '2006-02-14 22:04:37', '2006-02-14 21:57:20'),
(325, 1, 'TIMOTHY', 'BUNN', 'TIMOTHY.BUNN@sakilacustomer.org', 330, 1, '2006-02-14 22:04:37', '2006-02-14 21:57:20'),
(326, 1, 'JOSE', 'ANDREW', 'JOSE.ANDREW@sakilacustomer.org', 331, 1, '2006-02-14 22:04:37', '2006-02-14 21:57:20'),
(327, 2, 'LARRY', 'THRASHER', 'LARRY.THRASHER@sakilacustomer.org', 332, 1, '2006-02-14 22:04:37', '2006-02-14 21:57:20'),
(328, 2, 'JEFFREY', 'SPEAR', 'JEFFREY.SPEAR@sakilacustomer.org', 333, 1, '2006-02-14 22:04:37', '2006-02-14 21:57:20'),
(329, 2, 'FRANK', 'WAGGONER', 'FRANK.WAGGONER@sakilacustomer.org', 334, 1, '2006-02-14 22:04:37', '2006-02-14 21:57:20'),
(330, 1, 'SCOTT', 'SHELLEY', 'SCOTT.SHELLEY@sakilacustomer.org', 335, 1, '2006-02-14 22:04:37', '2006-02-14 21:57:20'),
(331, 1, 'ERIC', 'ROBERT', 'ERIC.ROBERT@sakilacustomer.org', 336, 1, '2006-02-14 22:04:37', '2006-02-14 21:57:20'),
(332, 1, 'STEPHEN', 'QUALLS', 'STEPHEN.QUALLS@sakilacustomer.org', 337, 1, '2006-02-14 22:04:37', '2006-02-14 21:57:20'),
(333, 2, 'ANDREW', 'PURDY', 'ANDREW.PURDY@sakilacustomer.org', 338, 1, '2006-02-14 22:04:37', '2006-02-14 21:57:20'),
(334, 2, 'RAYMOND', 'MCWHORTER', 'RAYMOND.MCWHORTER@sakilacustomer.org', 339, 1, '2006-02-14 22:04:37', '2006-02-14 21:57:20'),
(335, 1, 'GREGORY', 'MAULDIN', 'GREGORY.MAULDIN@sakilacustomer.org', 340, 1, '2006-02-14 22:04:37', '2006-02-14 21:57:20'),
(336, 1, 'JOSHUA', 'MARK', 'JOSHUA.MARK@sakilacustomer.org', 341, 1, '2006-02-14 22:04:37', '2006-02-14 21:57:20'),
(337, 1, 'JERRY', 'JORDON', 'JERRY.JORDON@sakilacustomer.org', 342, 1, '2006-02-14 22:04:37', '2006-02-14 21:57:20'),
(338, 1, 'DENNIS', 'GILMAN', 'DENNIS.GILMAN@sakilacustomer.org', 343, 1, '2006-02-14 22:04:37', '2006-02-14 21:57:20'),
(339, 2, 'WALTER', 'PERRYMAN', 'WALTER.PERRYMAN@sakilacustomer.org', 344, 1, '2006-02-14 22:04:37', '2006-02-14 21:57:20'),
(340, 1, 'PATRICK', 'NEWSOM', 'PATRICK.NEWSOM@sakilacustomer.org', 345, 1, '2006-02-14 22:04:37', '2006-02-14 21:57:20'),
(341, 1, 'PETER', 'MENARD', 'PETER.MENARD@sakilacustomer.org', 346, 1, '2006-02-14 22:04:37', '2006-02-14 21:57:20'),
(342, 1, 'HAROLD', 'MARTINO', 'HAROLD.MARTINO@sakilacustomer.org', 347, 1, '2006-02-14 22:04:37', '2006-02-14 21:57:20'),
(343, 1, 'DOUGLAS', 'GRAF', 'DOUGLAS.GRAF@sakilacustomer.org', 348, 1, '2006-02-14 22:04:37', '2006-02-14 21:57:20'),
(344, 1, 'HENRY', 'BILLINGSLEY', 'HENRY.BILLINGSLEY@sakilacustomer.org', 349, 1, '2006-02-14 22:04:37', '2006-02-14 21:57:20'),
(345, 1, 'CARL', 'ARTIS', 'CARL.ARTIS@sakilacustomer.org', 350, 1, '2006-02-14 22:04:37', '2006-02-14 21:57:20'),
(346, 1, 'ARTHUR', 'SIMPKINS', 'ARTHUR.SIMPKINS@sakilacustomer.org', 351, 1, '2006-02-14 22:04:37', '2006-02-14 21:57:20'),
(347, 2, 'RYAN', 'SALISBURY', 'RYAN.SALISBURY@sakilacustomer.org', 352, 1, '2006-02-14 22:04:37', '2006-02-14 21:57:20'),
(348, 2, 'ROGER', 'QUINTANILLA', 'ROGER.QUINTANILLA@sakilacustomer.org', 353, 1, '2006-02-14 22:04:37', '2006-02-14 21:57:20'),
(349, 2, 'JOE', 'GILLILAND', 'JOE.GILLILAND@sakilacustomer.org', 354, 1, '2006-02-14 22:04:37', '2006-02-14 21:57:20'),
(350, 1, 'JUAN', 'FRALEY', 'JUAN.FRALEY@sakilacustomer.org', 355, 1, '2006-02-14 22:04:37', '2006-02-14 21:57:20'),
(351, 1, 'JACK', 'FOUST', 'JACK.FOUST@sakilacustomer.org', 356, 1, '2006-02-14 22:04:37', '2006-02-14 21:57:20'),
(352, 1, 'ALBERT', 'CROUSE', 'ALBERT.CROUSE@sakilacustomer.org', 357, 1, '2006-02-14 22:04:37', '2006-02-14 21:57:20'),
(353, 1, 'JONATHAN', 'SCARBOROUGH', 'JONATHAN.SCARBOROUGH@sakilacustomer.org', 358, 1, '2006-02-14 22:04:37', '2006-02-14 21:57:20'),
(354, 2, 'JUSTIN', 'NGO', 'JUSTIN.NGO@sakilacustomer.org', 359, 1, '2006-02-14 22:04:37', '2006-02-14 21:57:20'),
(355, 2, 'TERRY', 'GRISSOM', 'TERRY.GRISSOM@sakilacustomer.org', 360, 1, '2006-02-14 22:04:37', '2006-02-14 21:57:20'),
(356, 2, 'GERALD', 'FULTZ', 'GERALD.FULTZ@sakilacustomer.org', 361, 1, '2006-02-14 22:04:37', '2006-02-14 21:57:20'),
(357, 1, 'KEITH', 'RICO', 'KEITH.RICO@sakilacustomer.org', 362, 1, '2006-02-14 22:04:37', '2006-02-14 21:57:20'),
(358, 2, 'SAMUEL', 'MARLOW', 'SAMUEL.MARLOW@sakilacustomer.org', 363, 1, '2006-02-14 22:04:37', '2006-02-14 21:57:20'),
(359, 2, 'WILLIE', 'MARKHAM', 'WILLIE.MARKHAM@sakilacustomer.org', 364, 1, '2006-02-14 22:04:37', '2006-02-14 21:57:20'),
(360, 2, 'RALPH', 'MADRIGAL', 'RALPH.MADRIGAL@sakilacustomer.org', 365, 1, '2006-02-14 22:04:37', '2006-02-14 21:57:20'),
(361, 2, 'LAWRENCE', 'LAWTON', 'LAWRENCE.LAWTON@sakilacustomer.org', 366, 1, '2006-02-14 22:04:37', '2006-02-14 21:57:20'),
(362, 1, 'NICHOLAS', 'BARFIELD', 'NICHOLAS.BARFIELD@sakilacustomer.org', 367, 1, '2006-02-14 22:04:37', '2006-02-14 21:57:20'),
(363, 2, 'ROY', 'WHITING', 'ROY.WHITING@sakilacustomer.org', 368, 1, '2006-02-14 22:04:37', '2006-02-14 21:57:20'),
(364, 1, 'BENJAMIN', 'VARNEY', 'BENJAMIN.VARNEY@sakilacustomer.org', 369, 1, '2006-02-14 22:04:37', '2006-02-14 21:57:20'),
(365, 2, 'BRUCE', 'SCHWARZ', 'BRUCE.SCHWARZ@sakilacustomer.org', 370, 1, '2006-02-14 22:04:37', '2006-02-14 21:57:20'),
(366, 1, 'BRANDON', 'HUEY', 'BRANDON.HUEY@sakilacustomer.org', 371, 1, '2006-02-14 22:04:37', '2006-02-14 21:57:20'),
(367, 1, 'ADAM', 'GOOCH', 'ADAM.GOOCH@sakilacustomer.org', 372, 1, '2006-02-14 22:04:37', '2006-02-14 21:57:20'),
(368, 1, 'HARRY', 'ARCE', 'HARRY.ARCE@sakilacustomer.org', 373, 0, '2006-02-14 22:04:37', '2006-02-14 21:57:20'),
(369, 2, 'FRED', 'WHEAT', 'FRED.WHEAT@sakilacustomer.org', 374, 1, '2006-02-14 22:04:37', '2006-02-14 21:57:20'),
(370, 2, 'WAYNE', 'TRUONG', 'WAYNE.TRUONG@sakilacustomer.org', 375, 1, '2006-02-14 22:04:37', '2006-02-14 21:57:20'),
(371, 1, 'BILLY', 'POULIN', 'BILLY.POULIN@sakilacustomer.org', 376, 1, '2006-02-14 22:04:37', '2006-02-14 21:57:20'),
(372, 2, 'STEVE', 'MACKENZIE', 'STEVE.MACKENZIE@sakilacustomer.org', 377, 1, '2006-02-14 22:04:37', '2006-02-14 21:57:20'),
(373, 1, 'LOUIS', 'LEONE', 'LOUIS.LEONE@sakilacustomer.org', 378, 1, '2006-02-14 22:04:37', '2006-02-14 21:57:20'),
(374, 2, 'JEREMY', 'HURTADO', 'JEREMY.HURTADO@sakilacustomer.org', 379, 1, '2006-02-14 22:04:37', '2006-02-14 21:57:20'),
(375, 2, 'AARON', 'SELBY', 'AARON.SELBY@sakilacustomer.org', 380, 1, '2006-02-14 22:04:37', '2006-02-14 21:57:20'),
(376, 1, 'RANDY', 'GAITHER', 'RANDY.GAITHER@sakilacustomer.org', 381, 1, '2006-02-14 22:04:37', '2006-02-14 21:57:20'),
(377, 1, 'HOWARD', 'FORTNER', 'HOWARD.FORTNER@sakilacustomer.org', 382, 1, '2006-02-14 22:04:37', '2006-02-14 21:57:20'),
(378, 1, 'EUGENE', 'CULPEPPER', 'EUGENE.CULPEPPER@sakilacustomer.org', 383, 1, '2006-02-14 22:04:37', '2006-02-14 21:57:20'),
(379, 1, 'CARLOS', 'COUGHLIN', 'CARLOS.COUGHLIN@sakilacustomer.org', 384, 1, '2006-02-14 22:04:37', '2006-02-14 21:57:20'),
(380, 1, 'RUSSELL', 'BRINSON', 'RUSSELL.BRINSON@sakilacustomer.org', 385, 1, '2006-02-14 22:04:37', '2006-02-14 21:57:20'),
(381, 2, 'BOBBY', 'BOUDREAU', 'BOBBY.BOUDREAU@sakilacustomer.org', 386, 1, '2006-02-14 22:04:37', '2006-02-14 21:57:20'),
(382, 2, 'VICTOR', 'BARKLEY', 'VICTOR.BARKLEY@sakilacustomer.org', 387, 1, '2006-02-14 22:04:37', '2006-02-14 21:57:20'),
(383, 1, 'MARTIN', 'BALES', 'MARTIN.BALES@sakilacustomer.org', 388, 1, '2006-02-14 22:04:37', '2006-02-14 21:57:20'),
(384, 2, 'ERNEST', 'STEPP', 'ERNEST.STEPP@sakilacustomer.org', 389, 1, '2006-02-14 22:04:37', '2006-02-14 21:57:20'),
(385, 1, 'PHILLIP', 'HOLM', 'PHILLIP.HOLM@sakilacustomer.org', 390, 1, '2006-02-14 22:04:37', '2006-02-14 21:57:20'),
(386, 1, 'TODD', 'TAN', 'TODD.TAN@sakilacustomer.org', 391, 1, '2006-02-14 22:04:37', '2006-02-14 21:57:20'),
(387, 2, 'JESSE', 'SCHILLING', 'JESSE.SCHILLING@sakilacustomer.org', 392, 1, '2006-02-14 22:04:37', '2006-02-14 21:57:20'),
(388, 2, 'CRAIG', 'MORRELL', 'CRAIG.MORRELL@sakilacustomer.org', 393, 1, '2006-02-14 22:04:37', '2006-02-14 21:57:20'),
(389, 1, 'ALAN', 'KAHN', 'ALAN.KAHN@sakilacustomer.org', 394, 1, '2006-02-14 22:04:37', '2006-02-14 21:57:20'),
(390, 1, 'SHAWN', 'HEATON', 'SHAWN.HEATON@sakilacustomer.org', 395, 1, '2006-02-14 22:04:37', '2006-02-14 21:57:20'),
(391, 1, 'CLARENCE', 'GAMEZ', 'CLARENCE.GAMEZ@sakilacustomer.org', 396, 1, '2006-02-14 22:04:37', '2006-02-14 21:57:20'),
(392, 2, 'SEAN', 'DOUGLASS', 'SEAN.DOUGLASS@sakilacustomer.org', 397, 1, '2006-02-14 22:04:37', '2006-02-14 21:57:20'),
(393, 1, 'PHILIP', 'CAUSEY', 'PHILIP.CAUSEY@sakilacustomer.org', 398, 1, '2006-02-14 22:04:37', '2006-02-14 21:57:20'),
(394, 2, 'CHRIS', 'BROTHERS', 'CHRIS.BROTHERS@sakilacustomer.org', 399, 1, '2006-02-14 22:04:37', '2006-02-14 21:57:20'),
(395, 2, 'JOHNNY', 'TURPIN', 'JOHNNY.TURPIN@sakilacustomer.org', 400, 1, '2006-02-14 22:04:37', '2006-02-14 21:57:20'),
(396, 1, 'EARL', 'SHANKS', 'EARL.SHANKS@sakilacustomer.org', 401, 1, '2006-02-14 22:04:37', '2006-02-14 21:57:20'),
(397, 1, 'JIMMY', 'SCHRADER', 'JIMMY.SCHRADER@sakilacustomer.org', 402, 1, '2006-02-14 22:04:37', '2006-02-14 21:57:20'),
(398, 1, 'ANTONIO', 'MEEK', 'ANTONIO.MEEK@sakilacustomer.org', 403, 1, '2006-02-14 22:04:37', '2006-02-14 21:57:20'),
(399, 1, 'DANNY', 'ISOM', 'DANNY.ISOM@sakilacustomer.org', 404, 1, '2006-02-14 22:04:37', '2006-02-14 21:57:20'),
(400, 2, 'BRYAN', 'HARDISON', 'BRYAN.HARDISON@sakilacustomer.org', 405, 1, '2006-02-14 22:04:37', '2006-02-14 21:57:20'),
(401, 2, 'TONY', 'CARRANZA', 'TONY.CARRANZA@sakilacustomer.org', 406, 1, '2006-02-14 22:04:37', '2006-02-14 21:57:20'),
(402, 1, 'LUIS', 'YANEZ', 'LUIS.YANEZ@sakilacustomer.org', 407, 1, '2006-02-14 22:04:37', '2006-02-14 21:57:20'),
(403, 1, 'MIKE', 'WAY', 'MIKE.WAY@sakilacustomer.org', 408, 1, '2006-02-14 22:04:37', '2006-02-14 21:57:20'),
(404, 2, 'STANLEY', 'SCROGGINS', 'STANLEY.SCROGGINS@sakilacustomer.org', 409, 1, '2006-02-14 22:04:37', '2006-02-14 21:57:20'),
(405, 1, 'LEONARD', 'SCHOFIELD', 'LEONARD.SCHOFIELD@sakilacustomer.org', 410, 1, '2006-02-14 22:04:37', '2006-02-14 21:57:20'),
(406, 1, 'NATHAN', 'RUNYON', 'NATHAN.RUNYON@sakilacustomer.org', 411, 0, '2006-02-14 22:04:37', '2006-02-14 21:57:20'),
(407, 1, 'DALE', 'RATCLIFF', 'DALE.RATCLIFF@sakilacustomer.org', 412, 1, '2006-02-14 22:04:37', '2006-02-14 21:57:20'),
(408, 1, 'MANUEL', 'MURRELL', 'MANUEL.MURRELL@sakilacustomer.org', 413, 1, '2006-02-14 22:04:37', '2006-02-14 21:57:20'),
(409, 2, 'RODNEY', 'MOELLER', 'RODNEY.MOELLER@sakilacustomer.org', 414, 1, '2006-02-14 22:04:37', '2006-02-14 21:57:20'),
(410, 2, 'CURTIS', 'IRBY', 'CURTIS.IRBY@sakilacustomer.org', 415, 1, '2006-02-14 22:04:37', '2006-02-14 21:57:20'),
(411, 1, 'NORMAN', 'CURRIER', 'NORMAN.CURRIER@sakilacustomer.org', 416, 1, '2006-02-14 22:04:37', '2006-02-14 21:57:20'),
(412, 2, 'ALLEN', 'BUTTERFIELD', 'ALLEN.BUTTERFIELD@sakilacustomer.org', 417, 1, '2006-02-14 22:04:37', '2006-02-14 21:57:20'),
(413, 2, 'MARVIN', 'YEE', 'MARVIN.YEE@sakilacustomer.org', 418, 1, '2006-02-14 22:04:37', '2006-02-14 21:57:20'),
(414, 1, 'VINCENT', 'RALSTON', 'VINCENT.RALSTON@sakilacustomer.org', 419, 1, '2006-02-14 22:04:37', '2006-02-14 21:57:20'),
(415, 1, 'GLENN', 'PULLEN', 'GLENN.PULLEN@sakilacustomer.org', 420, 1, '2006-02-14 22:04:37', '2006-02-14 21:57:20'),
(416, 2, 'JEFFERY', 'PINSON', 'JEFFERY.PINSON@sakilacustomer.org', 421, 1, '2006-02-14 22:04:37', '2006-02-14 21:57:20'),
(417, 1, 'TRAVIS', 'ESTEP', 'TRAVIS.ESTEP@sakilacustomer.org', 422, 1, '2006-02-14 22:04:37', '2006-02-14 21:57:20'),
(418, 2, 'JEFF', 'EAST', 'JEFF.EAST@sakilacustomer.org', 423, 1, '2006-02-14 22:04:37', '2006-02-14 21:57:20'),
(419, 1, 'CHAD', 'CARBONE', 'CHAD.CARBONE@sakilacustomer.org', 424, 1, '2006-02-14 22:04:37', '2006-02-14 21:57:20'),
(420, 1, 'JACOB', 'LANCE', 'JACOB.LANCE@sakilacustomer.org', 425, 1, '2006-02-14 22:04:37', '2006-02-14 21:57:20'),
(421, 1, 'LEE', 'HAWKS', 'LEE.HAWKS@sakilacustomer.org', 426, 1, '2006-02-14 22:04:37', '2006-02-14 21:57:20'),
(422, 1, 'MELVIN', 'ELLINGTON', 'MELVIN.ELLINGTON@sakilacustomer.org', 427, 1, '2006-02-14 22:04:37', '2006-02-14 21:57:20'),
(423, 2, 'ALFRED', 'CASILLAS', 'ALFRED.CASILLAS@sakilacustomer.org', 428, 1, '2006-02-14 22:04:37', '2006-02-14 21:57:20'),
(424, 2, 'KYLE', 'SPURLOCK', 'KYLE.SPURLOCK@sakilacustomer.org', 429, 1, '2006-02-14 22:04:37', '2006-02-14 21:57:20');
INSERT INTO `customer` (`customer_id`, `store_id`, `first_name`, `last_name`, `email`, `address_id`, `active`, `create_date`, `last_update`) VALUES
(425, 2, 'FRANCIS', 'SIKES', 'FRANCIS.SIKES@sakilacustomer.org', 430, 1, '2006-02-14 22:04:37', '2006-02-14 21:57:20'),
(426, 1, 'BRADLEY', 'MOTLEY', 'BRADLEY.MOTLEY@sakilacustomer.org', 431, 1, '2006-02-14 22:04:37', '2006-02-14 21:57:20'),
(427, 2, 'JESUS', 'MCCARTNEY', 'JESUS.MCCARTNEY@sakilacustomer.org', 432, 1, '2006-02-14 22:04:37', '2006-02-14 21:57:20'),
(428, 2, 'HERBERT', 'KRUGER', 'HERBERT.KRUGER@sakilacustomer.org', 433, 1, '2006-02-14 22:04:37', '2006-02-14 21:57:20'),
(429, 2, 'FREDERICK', 'ISBELL', 'FREDERICK.ISBELL@sakilacustomer.org', 434, 1, '2006-02-14 22:04:37', '2006-02-14 21:57:20'),
(430, 1, 'RAY', 'HOULE', 'RAY.HOULE@sakilacustomer.org', 435, 1, '2006-02-14 22:04:37', '2006-02-14 21:57:20'),
(431, 2, 'JOEL', 'FRANCISCO', 'JOEL.FRANCISCO@sakilacustomer.org', 436, 1, '2006-02-14 22:04:37', '2006-02-14 21:57:20'),
(432, 1, 'EDWIN', 'BURK', 'EDWIN.BURK@sakilacustomer.org', 437, 1, '2006-02-14 22:04:37', '2006-02-14 21:57:20'),
(433, 1, 'DON', 'BONE', 'DON.BONE@sakilacustomer.org', 438, 1, '2006-02-14 22:04:37', '2006-02-14 21:57:20'),
(434, 1, 'EDDIE', 'TOMLIN', 'EDDIE.TOMLIN@sakilacustomer.org', 439, 1, '2006-02-14 22:04:37', '2006-02-14 21:57:20'),
(435, 2, 'RICKY', 'SHELBY', 'RICKY.SHELBY@sakilacustomer.org', 440, 1, '2006-02-14 22:04:37', '2006-02-14 21:57:20'),
(436, 1, 'TROY', 'QUIGLEY', 'TROY.QUIGLEY@sakilacustomer.org', 441, 1, '2006-02-14 22:04:37', '2006-02-14 21:57:20'),
(437, 2, 'RANDALL', 'NEUMANN', 'RANDALL.NEUMANN@sakilacustomer.org', 442, 1, '2006-02-14 22:04:37', '2006-02-14 21:57:20'),
(438, 1, 'BARRY', 'LOVELACE', 'BARRY.LOVELACE@sakilacustomer.org', 443, 1, '2006-02-14 22:04:37', '2006-02-14 21:57:20'),
(439, 2, 'ALEXANDER', 'FENNELL', 'ALEXANDER.FENNELL@sakilacustomer.org', 444, 1, '2006-02-14 22:04:37', '2006-02-14 21:57:20'),
(440, 1, 'BERNARD', 'COLBY', 'BERNARD.COLBY@sakilacustomer.org', 445, 1, '2006-02-14 22:04:37', '2006-02-14 21:57:20'),
(441, 1, 'MARIO', 'CHEATHAM', 'MARIO.CHEATHAM@sakilacustomer.org', 446, 1, '2006-02-14 22:04:37', '2006-02-14 21:57:20'),
(442, 1, 'LEROY', 'BUSTAMANTE', 'LEROY.BUSTAMANTE@sakilacustomer.org', 447, 1, '2006-02-14 22:04:37', '2006-02-14 21:57:20'),
(443, 2, 'FRANCISCO', 'SKIDMORE', 'FRANCISCO.SKIDMORE@sakilacustomer.org', 448, 1, '2006-02-14 22:04:37', '2006-02-14 21:57:20'),
(444, 2, 'MARCUS', 'HIDALGO', 'MARCUS.HIDALGO@sakilacustomer.org', 449, 1, '2006-02-14 22:04:37', '2006-02-14 21:57:20'),
(445, 1, 'MICHEAL', 'FORMAN', 'MICHEAL.FORMAN@sakilacustomer.org', 450, 1, '2006-02-14 22:04:37', '2006-02-14 21:57:20'),
(446, 2, 'THEODORE', 'CULP', 'THEODORE.CULP@sakilacustomer.org', 451, 0, '2006-02-14 22:04:37', '2006-02-14 21:57:20'),
(447, 1, 'CLIFFORD', 'BOWENS', 'CLIFFORD.BOWENS@sakilacustomer.org', 452, 1, '2006-02-14 22:04:37', '2006-02-14 21:57:20'),
(448, 1, 'MIGUEL', 'BETANCOURT', 'MIGUEL.BETANCOURT@sakilacustomer.org', 453, 1, '2006-02-14 22:04:37', '2006-02-14 21:57:20'),
(449, 2, 'OSCAR', 'AQUINO', 'OSCAR.AQUINO@sakilacustomer.org', 454, 1, '2006-02-14 22:04:37', '2006-02-14 21:57:20'),
(450, 1, 'JAY', 'ROBB', 'JAY.ROBB@sakilacustomer.org', 455, 1, '2006-02-14 22:04:37', '2006-02-14 21:57:20'),
(451, 1, 'JIM', 'REA', 'JIM.REA@sakilacustomer.org', 456, 1, '2006-02-14 22:04:37', '2006-02-14 21:57:20'),
(452, 1, 'TOM', 'MILNER', 'TOM.MILNER@sakilacustomer.org', 457, 1, '2006-02-14 22:04:37', '2006-02-14 21:57:20'),
(453, 1, 'CALVIN', 'MARTEL', 'CALVIN.MARTEL@sakilacustomer.org', 458, 1, '2006-02-14 22:04:37', '2006-02-14 21:57:20'),
(454, 2, 'ALEX', 'GRESHAM', 'ALEX.GRESHAM@sakilacustomer.org', 459, 1, '2006-02-14 22:04:37', '2006-02-14 21:57:20'),
(455, 2, 'JON', 'WILES', 'JON.WILES@sakilacustomer.org', 460, 1, '2006-02-14 22:04:37', '2006-02-14 21:57:20'),
(456, 2, 'RONNIE', 'RICKETTS', 'RONNIE.RICKETTS@sakilacustomer.org', 461, 1, '2006-02-14 22:04:37', '2006-02-14 21:57:20'),
(457, 2, 'BILL', 'GAVIN', 'BILL.GAVIN@sakilacustomer.org', 462, 1, '2006-02-14 22:04:37', '2006-02-14 21:57:20'),
(458, 1, 'LLOYD', 'DOWD', 'LLOYD.DOWD@sakilacustomer.org', 463, 1, '2006-02-14 22:04:37', '2006-02-14 21:57:20'),
(459, 1, 'TOMMY', 'COLLAZO', 'TOMMY.COLLAZO@sakilacustomer.org', 464, 1, '2006-02-14 22:04:37', '2006-02-14 21:57:20'),
(460, 1, 'LEON', 'BOSTIC', 'LEON.BOSTIC@sakilacustomer.org', 465, 1, '2006-02-14 22:04:37', '2006-02-14 21:57:20'),
(461, 1, 'DEREK', 'BLAKELY', 'DEREK.BLAKELY@sakilacustomer.org', 466, 1, '2006-02-14 22:04:37', '2006-02-14 21:57:20'),
(462, 2, 'WARREN', 'SHERROD', 'WARREN.SHERROD@sakilacustomer.org', 467, 1, '2006-02-14 22:04:37', '2006-02-14 21:57:20'),
(463, 2, 'DARRELL', 'POWER', 'DARRELL.POWER@sakilacustomer.org', 468, 1, '2006-02-14 22:04:37', '2006-02-14 21:57:20'),
(464, 1, 'JEROME', 'KENYON', 'JEROME.KENYON@sakilacustomer.org', 469, 1, '2006-02-14 22:04:37', '2006-02-14 21:57:20'),
(465, 1, 'FLOYD', 'GANDY', 'FLOYD.GANDY@sakilacustomer.org', 470, 1, '2006-02-14 22:04:37', '2006-02-14 21:57:20'),
(466, 1, 'LEO', 'EBERT', 'LEO.EBERT@sakilacustomer.org', 471, 1, '2006-02-14 22:04:37', '2006-02-14 21:57:20'),
(467, 2, 'ALVIN', 'DELOACH', 'ALVIN.DELOACH@sakilacustomer.org', 472, 1, '2006-02-14 22:04:37', '2006-02-14 21:57:20'),
(468, 1, 'TIM', 'CARY', 'TIM.CARY@sakilacustomer.org', 473, 1, '2006-02-14 22:04:37', '2006-02-14 21:57:20'),
(469, 2, 'WESLEY', 'BULL', 'WESLEY.BULL@sakilacustomer.org', 474, 1, '2006-02-14 22:04:37', '2006-02-14 21:57:20'),
(470, 1, 'GORDON', 'ALLARD', 'GORDON.ALLARD@sakilacustomer.org', 475, 1, '2006-02-14 22:04:37', '2006-02-14 21:57:20'),
(471, 1, 'DEAN', 'SAUER', 'DEAN.SAUER@sakilacustomer.org', 476, 1, '2006-02-14 22:04:37', '2006-02-14 21:57:20'),
(472, 1, 'GREG', 'ROBINS', 'GREG.ROBINS@sakilacustomer.org', 477, 1, '2006-02-14 22:04:37', '2006-02-14 21:57:20'),
(473, 2, 'JORGE', 'OLIVARES', 'JORGE.OLIVARES@sakilacustomer.org', 478, 1, '2006-02-14 22:04:37', '2006-02-14 21:57:20'),
(474, 2, 'DUSTIN', 'GILLETTE', 'DUSTIN.GILLETTE@sakilacustomer.org', 479, 1, '2006-02-14 22:04:37', '2006-02-14 21:57:20'),
(475, 2, 'PEDRO', 'CHESTNUT', 'PEDRO.CHESTNUT@sakilacustomer.org', 480, 1, '2006-02-14 22:04:37', '2006-02-14 21:57:20'),
(476, 1, 'DERRICK', 'BOURQUE', 'DERRICK.BOURQUE@sakilacustomer.org', 481, 1, '2006-02-14 22:04:37', '2006-02-14 21:57:20'),
(477, 1, 'DAN', 'PAINE', 'DAN.PAINE@sakilacustomer.org', 482, 1, '2006-02-14 22:04:37', '2006-02-14 21:57:20'),
(478, 1, 'LEWIS', 'LYMAN', 'LEWIS.LYMAN@sakilacustomer.org', 483, 1, '2006-02-14 22:04:37', '2006-02-14 21:57:20'),
(479, 1, 'ZACHARY', 'HITE', 'ZACHARY.HITE@sakilacustomer.org', 484, 1, '2006-02-14 22:04:37', '2006-02-14 21:57:20'),
(480, 1, 'COREY', 'HAUSER', 'COREY.HAUSER@sakilacustomer.org', 485, 1, '2006-02-14 22:04:37', '2006-02-14 21:57:20'),
(481, 1, 'HERMAN', 'DEVORE', 'HERMAN.DEVORE@sakilacustomer.org', 486, 1, '2006-02-14 22:04:37', '2006-02-14 21:57:20'),
(482, 1, 'MAURICE', 'CRAWLEY', 'MAURICE.CRAWLEY@sakilacustomer.org', 487, 0, '2006-02-14 22:04:37', '2006-02-14 21:57:20'),
(483, 2, 'VERNON', 'CHAPA', 'VERNON.CHAPA@sakilacustomer.org', 488, 1, '2006-02-14 22:04:37', '2006-02-14 21:57:20'),
(484, 1, 'ROBERTO', 'VU', 'ROBERTO.VU@sakilacustomer.org', 489, 1, '2006-02-14 22:04:37', '2006-02-14 21:57:20'),
(485, 1, 'CLYDE', 'TOBIAS', 'CLYDE.TOBIAS@sakilacustomer.org', 490, 1, '2006-02-14 22:04:37', '2006-02-14 21:57:20'),
(486, 1, 'GLEN', 'TALBERT', 'GLEN.TALBERT@sakilacustomer.org', 491, 1, '2006-02-14 22:04:37', '2006-02-14 21:57:20'),
(487, 2, 'HECTOR', 'POINDEXTER', 'HECTOR.POINDEXTER@sakilacustomer.org', 492, 1, '2006-02-14 22:04:37', '2006-02-14 21:57:20'),
(488, 2, 'SHANE', 'MILLARD', 'SHANE.MILLARD@sakilacustomer.org', 493, 1, '2006-02-14 22:04:37', '2006-02-14 21:57:20'),
(489, 1, 'RICARDO', 'MEADOR', 'RICARDO.MEADOR@sakilacustomer.org', 494, 1, '2006-02-14 22:04:37', '2006-02-14 21:57:20'),
(490, 1, 'SAM', 'MCDUFFIE', 'SAM.MCDUFFIE@sakilacustomer.org', 495, 1, '2006-02-14 22:04:37', '2006-02-14 21:57:20'),
(491, 2, 'RICK', 'MATTOX', 'RICK.MATTOX@sakilacustomer.org', 496, 1, '2006-02-14 22:04:37', '2006-02-14 21:57:20'),
(492, 2, 'LESTER', 'KRAUS', 'LESTER.KRAUS@sakilacustomer.org', 497, 1, '2006-02-14 22:04:37', '2006-02-14 21:57:20'),
(493, 1, 'BRENT', 'HARKINS', 'BRENT.HARKINS@sakilacustomer.org', 498, 1, '2006-02-14 22:04:37', '2006-02-14 21:57:20'),
(494, 2, 'RAMON', 'CHOATE', 'RAMON.CHOATE@sakilacustomer.org', 499, 1, '2006-02-14 22:04:37', '2006-02-14 21:57:20'),
(495, 2, 'CHARLIE', 'BESS', 'CHARLIE.BESS@sakilacustomer.org', 500, 1, '2006-02-14 22:04:37', '2006-02-14 21:57:20'),
(496, 2, 'TYLER', 'WREN', 'TYLER.WREN@sakilacustomer.org', 501, 1, '2006-02-14 22:04:37', '2006-02-14 21:57:20'),
(497, 2, 'GILBERT', 'SLEDGE', 'GILBERT.SLEDGE@sakilacustomer.org', 502, 1, '2006-02-14 22:04:37', '2006-02-14 21:57:20'),
(498, 1, 'GENE', 'SANBORN', 'GENE.SANBORN@sakilacustomer.org', 503, 1, '2006-02-14 22:04:37', '2006-02-14 21:57:20'),
(499, 2, 'MARC', 'OUTLAW', 'MARC.OUTLAW@sakilacustomer.org', 504, 1, '2006-02-14 22:04:37', '2006-02-14 21:57:20'),
(500, 1, 'REGINALD', 'KINDER', 'REGINALD.KINDER@sakilacustomer.org', 505, 1, '2006-02-14 22:04:37', '2006-02-14 21:57:20'),
(501, 1, 'RUBEN', 'GEARY', 'RUBEN.GEARY@sakilacustomer.org', 506, 1, '2006-02-14 22:04:37', '2006-02-14 21:57:20'),
(502, 1, 'BRETT', 'CORNWELL', 'BRETT.CORNWELL@sakilacustomer.org', 507, 1, '2006-02-14 22:04:37', '2006-02-14 21:57:20'),
(503, 1, 'ANGEL', 'BARCLAY', 'ANGEL.BARCLAY@sakilacustomer.org', 508, 1, '2006-02-14 22:04:37', '2006-02-14 21:57:20'),
(504, 1, 'NATHANIEL', 'ADAM', 'NATHANIEL.ADAM@sakilacustomer.org', 509, 1, '2006-02-14 22:04:37', '2006-02-14 21:57:20'),
(505, 1, 'RAFAEL', 'ABNEY', 'RAFAEL.ABNEY@sakilacustomer.org', 510, 1, '2006-02-14 22:04:37', '2006-02-14 21:57:20'),
(506, 2, 'LESLIE', 'SEWARD', 'LESLIE.SEWARD@sakilacustomer.org', 511, 1, '2006-02-14 22:04:37', '2006-02-14 21:57:20'),
(507, 2, 'EDGAR', 'RHOADS', 'EDGAR.RHOADS@sakilacustomer.org', 512, 1, '2006-02-14 22:04:37', '2006-02-14 21:57:20'),
(508, 2, 'MILTON', 'HOWLAND', 'MILTON.HOWLAND@sakilacustomer.org', 513, 1, '2006-02-14 22:04:37', '2006-02-14 21:57:20'),
(509, 1, 'RAUL', 'FORTIER', 'RAUL.FORTIER@sakilacustomer.org', 514, 1, '2006-02-14 22:04:37', '2006-02-14 21:57:20'),
(510, 2, 'BEN', 'EASTER', 'BEN.EASTER@sakilacustomer.org', 515, 0, '2006-02-14 22:04:37', '2006-02-14 21:57:20'),
(511, 1, 'CHESTER', 'BENNER', 'CHESTER.BENNER@sakilacustomer.org', 516, 1, '2006-02-14 22:04:37', '2006-02-14 21:57:20'),
(512, 1, 'CECIL', 'VINES', 'CECIL.VINES@sakilacustomer.org', 517, 1, '2006-02-14 22:04:37', '2006-02-14 21:57:20'),
(513, 2, 'DUANE', 'TUBBS', 'DUANE.TUBBS@sakilacustomer.org', 519, 1, '2006-02-14 22:04:37', '2006-02-14 21:57:20'),
(514, 2, 'FRANKLIN', 'TROUTMAN', 'FRANKLIN.TROUTMAN@sakilacustomer.org', 520, 1, '2006-02-14 22:04:37', '2006-02-14 21:57:20'),
(515, 1, 'ANDRE', 'RAPP', 'ANDRE.RAPP@sakilacustomer.org', 521, 1, '2006-02-14 22:04:37', '2006-02-14 21:57:20'),
(516, 2, 'ELMER', 'NOE', 'ELMER.NOE@sakilacustomer.org', 522, 1, '2006-02-14 22:04:37', '2006-02-14 21:57:20'),
(517, 2, 'BRAD', 'MCCURDY', 'BRAD.MCCURDY@sakilacustomer.org', 523, 1, '2006-02-14 22:04:37', '2006-02-14 21:57:20'),
(518, 1, 'GABRIEL', 'HARDER', 'GABRIEL.HARDER@sakilacustomer.org', 524, 1, '2006-02-14 22:04:37', '2006-02-14 21:57:20'),
(519, 2, 'RON', 'DELUCA', 'RON.DELUCA@sakilacustomer.org', 525, 1, '2006-02-14 22:04:37', '2006-02-14 21:57:20'),
(520, 2, 'MITCHELL', 'WESTMORELAND', 'MITCHELL.WESTMORELAND@sakilacustomer.org', 526, 1, '2006-02-14 22:04:37', '2006-02-14 21:57:20'),
(521, 2, 'ROLAND', 'SOUTH', 'ROLAND.SOUTH@sakilacustomer.org', 527, 1, '2006-02-14 22:04:37', '2006-02-14 21:57:20'),
(522, 2, 'ARNOLD', 'HAVENS', 'ARNOLD.HAVENS@sakilacustomer.org', 528, 1, '2006-02-14 22:04:37', '2006-02-14 21:57:20'),
(523, 1, 'HARVEY', 'GUAJARDO', 'HARVEY.GUAJARDO@sakilacustomer.org', 529, 1, '2006-02-14 22:04:37', '2006-02-14 21:57:20'),
(524, 1, 'JARED', 'ELY', 'JARED.ELY@sakilacustomer.org', 530, 1, '2006-02-14 22:04:37', '2006-02-14 21:57:20'),
(525, 2, 'ADRIAN', 'CLARY', 'ADRIAN.CLARY@sakilacustomer.org', 531, 1, '2006-02-14 22:04:37', '2006-02-14 21:57:20'),
(526, 2, 'KARL', 'SEAL', 'KARL.SEAL@sakilacustomer.org', 532, 1, '2006-02-14 22:04:37', '2006-02-14 21:57:20'),
(527, 1, 'CORY', 'MEEHAN', 'CORY.MEEHAN@sakilacustomer.org', 533, 1, '2006-02-14 22:04:37', '2006-02-14 21:57:20'),
(528, 1, 'CLAUDE', 'HERZOG', 'CLAUDE.HERZOG@sakilacustomer.org', 534, 1, '2006-02-14 22:04:37', '2006-02-14 21:57:20'),
(529, 2, 'ERIK', 'GUILLEN', 'ERIK.GUILLEN@sakilacustomer.org', 535, 1, '2006-02-14 22:04:37', '2006-02-14 21:57:20'),
(530, 2, 'DARRYL', 'ASHCRAFT', 'DARRYL.ASHCRAFT@sakilacustomer.org', 536, 1, '2006-02-14 22:04:37', '2006-02-14 21:57:20'),
(531, 2, 'JAMIE', 'WAUGH', 'JAMIE.WAUGH@sakilacustomer.org', 537, 1, '2006-02-14 22:04:37', '2006-02-14 21:57:20'),
(532, 2, 'NEIL', 'RENNER', 'NEIL.RENNER@sakilacustomer.org', 538, 1, '2006-02-14 22:04:37', '2006-02-14 21:57:20'),
(533, 1, 'JESSIE', 'MILAM', 'JESSIE.MILAM@sakilacustomer.org', 539, 1, '2006-02-14 22:04:37', '2006-02-14 21:57:20'),
(534, 1, 'CHRISTIAN', 'JUNG', 'CHRISTIAN.JUNG@sakilacustomer.org', 540, 0, '2006-02-14 22:04:37', '2006-02-14 21:57:20'),
(535, 1, 'JAVIER', 'ELROD', 'JAVIER.ELROD@sakilacustomer.org', 541, 1, '2006-02-14 22:04:37', '2006-02-14 21:57:20'),
(536, 2, 'FERNANDO', 'CHURCHILL', 'FERNANDO.CHURCHILL@sakilacustomer.org', 542, 1, '2006-02-14 22:04:37', '2006-02-14 21:57:20'),
(537, 2, 'CLINTON', 'BUFORD', 'CLINTON.BUFORD@sakilacustomer.org', 543, 1, '2006-02-14 22:04:37', '2006-02-14 21:57:20'),
(538, 2, 'TED', 'BREAUX', 'TED.BREAUX@sakilacustomer.org', 544, 1, '2006-02-14 22:04:37', '2006-02-14 21:57:20'),
(539, 1, 'MATHEW', 'BOLIN', 'MATHEW.BOLIN@sakilacustomer.org', 545, 1, '2006-02-14 22:04:37', '2006-02-14 21:57:20'),
(540, 1, 'TYRONE', 'ASHER', 'TYRONE.ASHER@sakilacustomer.org', 546, 1, '2006-02-14 22:04:37', '2006-02-14 21:57:20'),
(541, 2, 'DARREN', 'WINDHAM', 'DARREN.WINDHAM@sakilacustomer.org', 547, 1, '2006-02-14 22:04:37', '2006-02-14 21:57:20'),
(542, 2, 'LONNIE', 'TIRADO', 'LONNIE.TIRADO@sakilacustomer.org', 548, 1, '2006-02-14 22:04:37', '2006-02-14 21:57:20'),
(543, 1, 'LANCE', 'PEMBERTON', 'LANCE.PEMBERTON@sakilacustomer.org', 549, 1, '2006-02-14 22:04:37', '2006-02-14 21:57:20'),
(544, 2, 'CODY', 'NOLEN', 'CODY.NOLEN@sakilacustomer.org', 550, 1, '2006-02-14 22:04:37', '2006-02-14 21:57:20'),
(545, 2, 'JULIO', 'NOLAND', 'JULIO.NOLAND@sakilacustomer.org', 551, 1, '2006-02-14 22:04:37', '2006-02-14 21:57:20'),
(546, 1, 'KELLY', 'KNOTT', 'KELLY.KNOTT@sakilacustomer.org', 552, 1, '2006-02-14 22:04:37', '2006-02-14 21:57:20'),
(547, 1, 'KURT', 'EMMONS', 'KURT.EMMONS@sakilacustomer.org', 553, 1, '2006-02-14 22:04:37', '2006-02-14 21:57:20'),
(548, 1, 'ALLAN', 'CORNISH', 'ALLAN.CORNISH@sakilacustomer.org', 554, 1, '2006-02-14 22:04:37', '2006-02-14 21:57:20'),
(549, 1, 'NELSON', 'CHRISTENSON', 'NELSON.CHRISTENSON@sakilacustomer.org', 555, 1, '2006-02-14 22:04:37', '2006-02-14 21:57:20'),
(550, 2, 'GUY', 'BROWNLEE', 'GUY.BROWNLEE@sakilacustomer.org', 556, 1, '2006-02-14 22:04:37', '2006-02-14 21:57:20'),
(551, 2, 'CLAYTON', 'BARBEE', 'CLAYTON.BARBEE@sakilacustomer.org', 557, 1, '2006-02-14 22:04:37', '2006-02-14 21:57:20'),
(552, 2, 'HUGH', 'WALDROP', 'HUGH.WALDROP@sakilacustomer.org', 558, 1, '2006-02-14 22:04:37', '2006-02-14 21:57:20'),
(553, 1, 'MAX', 'PITT', 'MAX.PITT@sakilacustomer.org', 559, 1, '2006-02-14 22:04:37', '2006-02-14 21:57:20'),
(554, 1, 'DWAYNE', 'OLVERA', 'DWAYNE.OLVERA@sakilacustomer.org', 560, 1, '2006-02-14 22:04:37', '2006-02-14 21:57:20'),
(555, 1, 'DWIGHT', 'LOMBARDI', 'DWIGHT.LOMBARDI@sakilacustomer.org', 561, 1, '2006-02-14 22:04:37', '2006-02-14 21:57:20'),
(556, 2, 'ARMANDO', 'GRUBER', 'ARMANDO.GRUBER@sakilacustomer.org', 562, 1, '2006-02-14 22:04:37', '2006-02-14 21:57:20'),
(557, 1, 'FELIX', 'GAFFNEY', 'FELIX.GAFFNEY@sakilacustomer.org', 563, 1, '2006-02-14 22:04:37', '2006-02-14 21:57:20'),
(558, 1, 'JIMMIE', 'EGGLESTON', 'JIMMIE.EGGLESTON@sakilacustomer.org', 564, 0, '2006-02-14 22:04:37', '2006-02-14 21:57:20'),
(559, 2, 'EVERETT', 'BANDA', 'EVERETT.BANDA@sakilacustomer.org', 565, 1, '2006-02-14 22:04:37', '2006-02-14 21:57:20'),
(560, 1, 'JORDAN', 'ARCHULETA', 'JORDAN.ARCHULETA@sakilacustomer.org', 566, 1, '2006-02-14 22:04:37', '2006-02-14 21:57:20'),
(561, 2, 'IAN', 'STILL', 'IAN.STILL@sakilacustomer.org', 567, 1, '2006-02-14 22:04:37', '2006-02-14 21:57:20'),
(562, 1, 'WALLACE', 'SLONE', 'WALLACE.SLONE@sakilacustomer.org', 568, 1, '2006-02-14 22:04:37', '2006-02-14 21:57:20'),
(563, 2, 'KEN', 'PREWITT', 'KEN.PREWITT@sakilacustomer.org', 569, 1, '2006-02-14 22:04:37', '2006-02-14 21:57:20'),
(564, 2, 'BOB', 'PFEIFFER', 'BOB.PFEIFFER@sakilacustomer.org', 570, 1, '2006-02-14 22:04:37', '2006-02-14 21:57:20'),
(565, 2, 'JAIME', 'NETTLES', 'JAIME.NETTLES@sakilacustomer.org', 571, 1, '2006-02-14 22:04:37', '2006-02-14 21:57:20'),
(566, 1, 'CASEY', 'MENA', 'CASEY.MENA@sakilacustomer.org', 572, 1, '2006-02-14 22:04:37', '2006-02-14 21:57:20'),
(567, 2, 'ALFREDO', 'MCADAMS', 'ALFREDO.MCADAMS@sakilacustomer.org', 573, 1, '2006-02-14 22:04:37', '2006-02-14 21:57:20'),
(568, 2, 'ALBERTO', 'HENNING', 'ALBERTO.HENNING@sakilacustomer.org', 574, 1, '2006-02-14 22:04:37', '2006-02-14 21:57:20'),
(569, 2, 'DAVE', 'GARDINER', 'DAVE.GARDINER@sakilacustomer.org', 575, 1, '2006-02-14 22:04:37', '2006-02-14 21:57:20'),
(570, 2, 'IVAN', 'CROMWELL', 'IVAN.CROMWELL@sakilacustomer.org', 576, 1, '2006-02-14 22:04:37', '2006-02-14 21:57:20'),
(571, 2, 'JOHNNIE', 'CHISHOLM', 'JOHNNIE.CHISHOLM@sakilacustomer.org', 577, 1, '2006-02-14 22:04:37', '2006-02-14 21:57:20'),
(572, 1, 'SIDNEY', 'BURLESON', 'SIDNEY.BURLESON@sakilacustomer.org', 578, 1, '2006-02-14 22:04:37', '2006-02-14 21:57:20'),
(573, 1, 'BYRON', 'BOX', 'BYRON.BOX@sakilacustomer.org', 579, 1, '2006-02-14 22:04:37', '2006-02-14 21:57:20'),
(574, 2, 'JULIAN', 'VEST', 'JULIAN.VEST@sakilacustomer.org', 580, 1, '2006-02-14 22:04:37', '2006-02-14 21:57:20'),
(575, 2, 'ISAAC', 'OGLESBY', 'ISAAC.OGLESBY@sakilacustomer.org', 581, 1, '2006-02-14 22:04:37', '2006-02-14 21:57:20'),
(576, 2, 'MORRIS', 'MCCARTER', 'MORRIS.MCCARTER@sakilacustomer.org', 582, 1, '2006-02-14 22:04:37', '2006-02-14 21:57:20'),
(577, 2, 'CLIFTON', 'MALCOLM', 'CLIFTON.MALCOLM@sakilacustomer.org', 583, 1, '2006-02-14 22:04:37', '2006-02-14 21:57:20'),
(578, 2, 'WILLARD', 'LUMPKIN', 'WILLARD.LUMPKIN@sakilacustomer.org', 584, 1, '2006-02-14 22:04:37', '2006-02-14 21:57:20'),
(579, 2, 'DARYL', 'LARUE', 'DARYL.LARUE@sakilacustomer.org', 585, 1, '2006-02-14 22:04:37', '2006-02-14 21:57:20'),
(580, 1, 'ROSS', 'GREY', 'ROSS.GREY@sakilacustomer.org', 586, 1, '2006-02-14 22:04:37', '2006-02-14 21:57:20'),
(581, 1, 'VIRGIL', 'WOFFORD', 'VIRGIL.WOFFORD@sakilacustomer.org', 587, 1, '2006-02-14 22:04:37', '2006-02-14 21:57:20'),
(582, 2, 'ANDY', 'VANHORN', 'ANDY.VANHORN@sakilacustomer.org', 588, 1, '2006-02-14 22:04:37', '2006-02-14 21:57:20'),
(583, 1, 'MARSHALL', 'THORN', 'MARSHALL.THORN@sakilacustomer.org', 589, 1, '2006-02-14 22:04:37', '2006-02-14 21:57:20'),
(584, 2, 'SALVADOR', 'TEEL', 'SALVADOR.TEEL@sakilacustomer.org', 590, 1, '2006-02-14 22:04:37', '2006-02-14 21:57:20'),
(585, 1, 'PERRY', 'SWAFFORD', 'PERRY.SWAFFORD@sakilacustomer.org', 591, 1, '2006-02-14 22:04:37', '2006-02-14 21:57:20'),
(586, 1, 'KIRK', 'STCLAIR', 'KIRK.STCLAIR@sakilacustomer.org', 592, 1, '2006-02-14 22:04:37', '2006-02-14 21:57:20'),
(587, 1, 'SERGIO', 'STANFIELD', 'SERGIO.STANFIELD@sakilacustomer.org', 593, 1, '2006-02-14 22:04:37', '2006-02-14 21:57:20'),
(588, 1, 'MARION', 'OCAMPO', 'MARION.OCAMPO@sakilacustomer.org', 594, 1, '2006-02-14 22:04:37', '2006-02-14 21:57:20'),
(589, 1, 'TRACY', 'HERRMANN', 'TRACY.HERRMANN@sakilacustomer.org', 595, 1, '2006-02-14 22:04:37', '2006-02-14 21:57:20'),
(590, 2, 'SETH', 'HANNON', 'SETH.HANNON@sakilacustomer.org', 596, 1, '2006-02-14 22:04:37', '2006-02-14 21:57:20'),
(591, 1, 'KENT', 'ARSENAULT', 'KENT.ARSENAULT@sakilacustomer.org', 597, 1, '2006-02-14 22:04:37', '2006-02-14 21:57:20'),
(592, 1, 'TERRANCE', 'ROUSH', 'TERRANCE.ROUSH@sakilacustomer.org', 598, 0, '2006-02-14 22:04:37', '2006-02-14 21:57:20'),
(593, 2, 'RENE', 'MCALISTER', 'RENE.MCALISTER@sakilacustomer.org', 599, 1, '2006-02-14 22:04:37', '2006-02-14 21:57:20'),
(594, 1, 'EDUARDO', 'HIATT', 'EDUARDO.HIATT@sakilacustomer.org', 600, 1, '2006-02-14 22:04:37', '2006-02-14 21:57:20'),
(595, 1, 'TERRENCE', 'GUNDERSON', 'TERRENCE.GUNDERSON@sakilacustomer.org', 601, 1, '2006-02-14 22:04:37', '2006-02-14 21:57:20'),
(596, 1, 'ENRIQUE', 'FORSYTHE', 'ENRIQUE.FORSYTHE@sakilacustomer.org', 602, 1, '2006-02-14 22:04:37', '2006-02-14 21:57:20'),
(597, 1, 'FREDDIE', 'DUGGAN', 'FREDDIE.DUGGAN@sakilacustomer.org', 603, 1, '2006-02-14 22:04:37', '2006-02-14 21:57:20'),
(598, 1, 'WADE', 'DELVALLE', 'WADE.DELVALLE@sakilacustomer.org', 604, 1, '2006-02-14 22:04:37', '2006-02-14 21:57:20'),
(599, 2, 'AUSTIN', 'CINTRON', 'AUSTIN.CINTRON@sakilacustomer.org', 605, 1, '2006-02-14 22:04:37', '2006-02-14 21:57:20');
COMMIT;

/*!40101 SET CHARACTER_SET_CLIENT=@OLD_CHARACTER_SET_CLIENT */;
/*!40101 SET CHARACTER_SET_RESULTS=@OLD_CHARACTER_SET_RESULTS */;
/*!40101 SET COLLATION_CONNECTION=@OLD_COLLATION_CONNECTION */;
